evolution$generation,evolution$evaluated,goodShepherdPercentage,proportionBigHerders,proportionMediumHerders,interfaceNumberOfCampI,objective$MSTSheepNEC,objective$MSTCattleNEC,objective$MSTTrees,evolution$samples,evolution$generated,meanGrass,meanFruitsConsumedSheep,sumMediumHerder,meanLeavesConsumedCattle,sumSmallHerder,MSTCattleNEC,meanSheepsNEC,meanCattlesLiveWeight,totalTreesYoung,totalFoyers,cattlesWeightGain,meanLeavesConsumedSheep,meanFruitsConsumedCattle,sumLargeHerder,MSTSheepNEC,meanCattlesNEC,totalCattles,totalTreesOldes,totalSheeps,meanSheepsLiveWeight,MSTTrees,totalGrass,sheepsWeightGain,totalTrees
3020,3020,0.0,4.699159252189546,44.357858790859105,130.0,0.03589657754481787,0.1631131072685081,0.30054794520547945,2,2454,"[0.1655364397952603,0.17191512919637178]","[0.0,0.0]","[413.0,386.0]","[0.0,0.0]","[476.0,483.0]","[0.16334522603473842,0.1631131072685081]","[3.228869565217347,3.228869565217347]","[248.59999999999974,248.59999999999982]","[364.531190926276,327.0661625708885]","[933.0,915.0]","[-0.7000000000000035,-0.7000000000000027]","[0.0,0.0]","[0.0,0.0]","[44.0,46.0]","[0.03589657754481787,0.0358972977019238]","[3.860191082802527,3.860191082802529]","[8958.0,8686.0]","[6758.922495274102,6689.570888468809]","[13467.0,13159.0]","[39.775999999999954,39.775999999999954]","[0.30054794520547945,0.4005479452054794]","[87.56877665169272,90.94310334488061]","[-0.11199999999999831,-0.11199999999999838]","[3768307.0,3711801.0]"
3020,3020,98.65290475903812,15.56748743954352,26.36229645549191,1.0,0.7630479452054795,0.843904109589041,0.5005479452054794,2,2846,"[2933.557160627042,2994.666317148981]","[0.0,0.0]","[2.0,1.0]","[0.0,0.0]","[5.0,1.0]","[0.843904109589041,1.0]","[2.2063340780509866,5.0]","[198.82115482119454,255.2353884161492]","[2975.4574669187145,2993.587901701323]","[8.0,2.0]","[0.2259248642893053,0.0]","[0.0,0.0]","[0.0,0.0]","[1.0,0.0]","[0.7630479452054795,1.0]","[2.6753079114458593,4.0010698177526365]","[82.0,16.0]","[10632.465028355387,10693.879017013232]","[130.0,15.0]","[36.46669905560527,64.29142598098893]","[0.5005479452054794,0.5005479452054794]","[1551851.737971706,1584178.4817718114]","[0.07411951262770344,0.0]","[7198591.0,7240670.0]"
3020,3020,82.93986665376305,0.5777163642423506,0.0,1.0,0.8425570776255709,0.7581735159817352,0.5005479452054794,1,2857,"[2971.2797383020043]","[0.0]","[0.0]","[0.0]","[6.0]","[0.7581735159817352]","[3.474095506144593]","[181.70975906197913]","[3001.79584120983]","[6.0]","[0.0]","[0.0]","[0.0]","[0.0]","[0.8425570776255709]","[2.3804560857371473]","[42.0]","[10694.166351606806]","[52.0]","[42.42770160030913]","[0.5005479452054794]","[1571806.9815617616]","[0.0]","[7245164.0]"
3020,3020,98.56056071422273,20.59341219651453,25.885565669430495,1.0,0.6802739726027397,0.7304246575342466,0.5005479452054794,13,526,"[2998.6579217818844,2990.446215061663,2906.281404432881,2970.691535845807,2905.8659708647097,2953.0281963583616,2875.339609485555,2956.291622058426,2936.496041025821,2886.6812435496777,2895.098800308108,2981.4772781559063,2929.0108659034463]","[0.0,0.0,0.0,0.0,0.0,0.0,0.0,0.0,0.0,0.0,0.0,0.0,0.0]","[0.0,0.0,1.0,3.0,3.0,1.0,3.0,2.0,1.0,1.0,4.0,1.0,6.0]","[0.0,0.0,0.0,0.0,0.0,0.0,0.0,0.0,0.0,0.0,0.0,0.0,0.0]","[2.0,3.0,3.0,2.0,5.0,2.0,4.0,3.0,9.0,4.0,6.0,2.0,3.0]","[1.0,0.9464840182648402,0.9456164383561644,0.5804383561643836,0.7565753424657534,0.9722602739726027,0.718904109589041,0.9507397260273972,0.8181917808219178,0.5815616438356164,0.7684931506849315,0.9912328767123287,0.741945205479452]","[5.0,4.745942916438552,4.324452782194637,2.5107204111525183,2.1974272052551416,4.543906741207799,1.7533242670211966,2.8599724284372323,2.245985491562841,2.3198520025872034,2.50080079186686,2.5550036969136527,2.6446771250420715]","[264.8247116212619,229.2489640286872,191.82690674415625,211.92492991324175,215.04971889135984,238.64705419210225,184.75838379488107,193.2048658055135,183.480549775986,185.16333914668112,174.6878751372523,222.33391659382053,189.4324714166625]","[3008.5595463137997,3031.085066162571,2841.850661625709,3016.9621928166353,2866.281663516068,2893.6294896030245,2967.7693761814744,2926.971644612476,3003.8468809073725,2961.8487712665406,2966.7353497164463,3016.0756143667295,2974.5652173913045]","[2.0,3.0,6.0,5.0,10.0,4.0,10.0,5.0,10.0,10.0,11.0,3.0,10.0]","[0.0,0.0,0.0,-0.13999999999999999,0.06360225577172329,0.16065705269950492,0.191162678547763,0.25328026579870483,0.0,0.0,0.5215033590443346,0.0,0.30555149382974334]","[0.0,0.0,0.0,0.0,0.0,0.0,0.0,0.0,0.0,0.0,0.0,0.0,0.0]","[0.0,0.0,0.0,0.0,0.0,0.0,0.0,0.0,0.0,0.0,0.0,0.0,0.0]","[0.0,0.0,2.0,0.0,2.0,1.0,3.0,0.0,0.0,5.0,1.0,0.0,1.0]","[1.0,0.9483105022831051,0.9736529680365297,0.7828493150684932,0.7700547945205479,0.9795890410958904,0.6528767123287671,0.9244383561643835,0.7970410958904109,0.5260821917808219,0.7076712328767123,0.9242922374429223,0.6482191780821918]","[4.2017829756029785,3.4551680101860662,2.7615718778336418,3.07052061686834,2.998724987493009,2.9674394646541886,2.583366725057599,2.6411209559166924,2.5113719237958914,2.419024285029683,2.2587593838374436,3.3251125477158694,3.020373739405205]","[11.0,17.0,109.0,33.0,106.0,52.0,159.0,51.0,71.0,165.0,114.0,26.0,122.0]","[10708.91493383743,10732.393194706994,10527.563327032136,10712.35349716446,10489.270321361058,10535.70888468809,10601.996219281664,10605.916824196598,10682.136105860114,10603.448015122873,10602.695652173914,10704.294896030246,10625.901701323251]","[15.0,36.0,134.0,68.0,211.0,95.0,239.0,62.0,100.0,266.0,189.0,47.0,186.0]","[66.45682975861293,51.880670428736686,51.03239445546518,34.75339620727023,34.876478076333555,56.76969869520328,30.29061239025672,37.967330293092786,34.47082011124959,36.20958667757453,32.96012828155305,35.340142939649425,36.46702886787796]","[0.5005479452054794,0.5005479452054794,0.5005479452054794,0.5005479452054794,0.5005479452054794,0.5005479452054794,0.5005479452054794,0.5005479452054794,0.5005479452054794,0.5005479452054794,0.5005479452054794,0.5005479452054794,0.5005479452054794]","[1586290.0406226178,1581946.0477676182,1537422.862944994,1571495.8224624316,1537203.0985874326,1562151.9158735727,1521054.6534178571,1563878.2680689082,1553406.4057026557,1527054.3778377792,1531507.2653629868,1577201.4801444751,1549446.7480629236]","[0.0,0.0,0.0,-0.022399999999999996,0.0,0.025704346037143264,0.010153350370135044,0.0,0.0,-0.011199999999999998,0.08102446658398564,0.0,0.07007372936354314]","[7256544.0,7280880.0,7072420.0,7262808.0,7065087.0,7104120.0,7178406.0,7158898.0,7239885.0,7176042.0,7178229.0,7258076.0,7194647.0]"
3020,3020,4.090226723121271,11.95501078298032,30.80652310136196,23.01081938003068,0.4743397667766544,0.3853049738816624,0.5005479452054794,12,38,"[2243.0001135515545,2161.654669428229,2082.601351909772,2202.943127374895,2040.761968574305,2213.4156154666,2367.435664813776,1751.7682673089741,2070.693413249138,2217.6081055929035,2218.038293612762,2031.4185871852608]","[0.0,0.0,0.0,0.0,0.0,0.0,0.0,0.0,0.0,0.0,0.0,0.0]","[53.0,45.0,57.0,52.0,40.0,64.0,53.0,53.0,60.0,67.0,55.0,52.0]","[0.0,0.0,0.0,0.0,0.0,0.0,0.0,0.0,0.0,0.0,0.0,0.0]","[94.0,92.0,74.0,99.0,111.0,89.0,85.0,97.0,70.0,90.0,88.0,91.0]","[0.3859692818596928,0.38824345413559913,0.3921699677166042,0.3913424657534247,0.4060979411040932,0.38508353788898564,0.38379055515501076,0.398054011741683,0.3912240388864339,0.38497820672478206,0.38992597634646475,0.3924336208354473]","[3.247354082794268,3.2474682177263086,3.2290456248667856,3.224914692470554,3.2040599387999635,3.248315334403187,3.2032660634372414,3.201924313482189,3.2473771862296537,3.2130688137573844,3.260978989093542,3.271089203363403]","[209.03526704152804,193.9586711451181,201.18916221206473,193.1833528257983,186.55342932556385,211.75135310369225,223.02750165838887,175.09626586919012,192.07733077628103,214.19711790222746,204.6322147194355,181.16775735985652]","[2380.663516068053,2351.858223062382,2279.665406427221,2404.5198487712664,2352.31190926276,2301.812854442344,2351.336483931947,2204.7013232514178,2331.45179584121,2260.381852551985,2348.149338374291,2372.2608695652175]","[165.0,158.0,157.0,165.0,167.0,173.0,152.0,175.0,155.0,176.0,161.0,162.0]","[0.21721646869892586,0.15132071752772291,0.12369281902809251,0.20180458829687056,0.13546650989302048,0.1066559209268852,0.0018024871717354479,0.08749901509003027,0.15385790817859135,0.20006679132883134,0.1791798325633899,0.17660855281153265]","[0.0,0.0,0.0,0.0,0.0,0.0,0.0,0.0,0.0,0.0,0.0,0.0]","[0.0,0.0,0.0,0.0,0.0,0.0,0.0,0.0,0.0,0.0,0.0,0.0]","[18.0,21.0,26.0,14.0,16.0,20.0,14.0,25.0,25.0,19.0,18.0,19.0]","[0.4727056870070569,0.5057724986994971,0.5128016752464881,0.47971772519717726,0.4752079402838159,0.5229946947501781,0.5067357606344628,0.4453260273972603,0.47405037560760055,0.523376400996264,0.5003063047732493,0.4966835785557247]","[3.160811171174373,2.657179597349087,3.0147885433891912,2.716362881681259,2.433272721917422,3.098477051910928,3.197433710365773,2.3302926649607634,2.6183835204000423,3.0768879626385273,2.865621743316258,2.478886458817889]","[1867.0,1663.0,1972.0,1687.0,1719.0,1909.0,1621.0,2105.0,1818.0,1887.0,1670.0,1670.0]","[9668.170132325142,9622.047258979206,9511.168241965974,9707.374291115311,9638.270321361058,9526.686200378072,9678.523629489602,9377.400756143667,9608.608695652174,9413.279773156899,9593.345935727788,9613.948960302458]","[2639.0,2794.0,2960.0,2476.0,2545.0,2781.0,2427.0,3046.0,2939.0,2994.0,2821.0,2801.0]","[40.10901266377674,39.85116584498437,39.68953155467723,39.81371569494929,39.66226022122661,39.85488321735162,39.516203508028696,39.625085859481445,39.94218852564856,39.780484283719666,39.958762035178545,39.98244806897356]","[0.5005479452054794,0.5005479452054794,0.5005479452054794,0.5005479452054794,0.5005479452054794,0.5005479452054794,0.5005479452054794,0.5005479452054794,0.5005479452054794,0.5005479452054794,0.5005479452054794,0.5005479452054794]","[1186547.0600687726,1143515.3201275337,1101696.1151602701,1165356.914381319,1079563.0813758073,1170896.8605818315,1252373.466686488,926685.4134064475,1095396.815608793,1173114.6878586453,1173342.2573211507,1074620.4326210031]","[0.022519782970688008,0.025454018209954618,0.012517901856563473,0.025870527404336634,0.030803253508724853,0.023170467309237983,0.0022935427633114596,0.01193268544013672,0.025217208025312375,0.02005968356036163,0.03806980373993046,0.02607410576755605]","[6373833.0,6334196.0,6237351.0,6407192.0,6343018.0,6257276.0,6363796.0,6126932.0,6316292.0,6175367.0,6317051.0,6340705.0]"
3020,3020,99.31256837577641,22.0953033128496,44.04713150965151,1.0,0.48541095890410957,0.5294748858447489,0.5005479452054794,1,2468,"[2930.6081629799014]","[0.0]","[5.0]","[0.0]","[4.0]","[0.5294748858447489]","[3.2580869565217387]","[208.34532754440457]","[2944.4253308128546]","[12.0]","[0.0]","[0.0]","[0.0]","[3.0]","[0.48541095890410957]","[2.8437306507715494]","[181.0]","[10525.60302457467]","[251.0]","[39.94779282868526]","[0.5005479452054794]","[1550291.7182163699]","[0.0]","[7125645.0]"
3020,3020,97.42242324297005,32.32699145605772,6.263671914016902,26.12918535758724,0.24613455493239406,0.2989548710103609,0.5005479452054794,13,46,"[887.5275574860183,1897.7325930799427,1709.4169285844557,1601.9673511115773,828.6692568221051,0.12773872986847232,0.13363586618745601,1771.8747624789914,1026.0576068311952,1144.414404326234,812.635655874098,824.8465308351226,1198.8026988768565]","[0.0,0.0,0.0,0.0,0.0,0.0,0.0,0.0,0.0,0.0,0.0,0.0,0.0]","[9.0,12.0,14.0,14.0,14.0,11.0,10.0,14.0,9.0,8.0,8.0,14.0,14.0]","[0.0,0.0,0.0,0.0,0.0,0.0,0.0,0.0,0.0,0.0,0.0,0.0,0.0]","[123.0,115.0,113.0,108.0,111.0,108.0,109.0,127.0,98.0,102.0,106.0,113.0,117.0]","[0.2997260273972603,0.43641219024165,0.3952650723628202,0.4470217023241496,0.29818371462346155,0.20648297455968687,0.2028797230167093,0.4421409405451207,0.37081631018184735,0.3031732473811442,0.3380664462289403,0.32631382316313823,0.3552579422908773]","[3.2721165885757197,3.222783054218077,3.2101522968982663,3.2320288367806596,3.176536699314787,3.228869565217389,3.2288695652173867,3.0556536666276943,3.190370634550177,3.331694634209515,3.130275822050219,3.25784981491173,3.1865487302331297]","[240.50982714065208,210.79358748710965,230.01334921253311,203.2914728866407,233.51613334274927,248.5999999999999,248.59999999999982,229.00699433205642,215.51906874584046,242.79635733309985,218.12503655576438,237.72823568844325,234.14452301260388]","[1887.0453686200378,1859.4877126654064,2069.82797731569,1920.6275992438564,1919.9565217391305,1895.0964083175804,2010.6313799621928,1894.1228733459357,2002.0510396975426,2051.2684310018903,1749.5406427221171,1789.4026465028355,1905.6843100189035]","[209.0,178.0,177.0,178.0,197.0,175.0,182.0,194.0,171.0,170.0,174.0,176.0,188.0]","[-0.4030580090225928,0.09803040231387915,-0.14985386994651329,0.11186280128708015,-0.532781706147001,-0.700000000000002,-0.700000000000002,0.09938487016572731,-0.19788852479711985,-0.4768076955113181,-0.32183908045977055,-0.430033579934257,-0.28093937362093524]","[0.0,0.0,0.0,0.0,0.0,0.0,0.0,0.0,0.0,0.0,0.0,0.0,0.0]","[0.0,0.0,0.0,0.0,0.0,0.0,0.0,0.0,0.0,0.0,0.0,0.0,0.0]","[77.0,51.0,50.0,56.0,72.0,56.0,63.0,53.0,64.0,60.0,60.0,49.0,57.0]","[0.2645736383299469,0.47299061105125445,0.4036266542837242,0.42264583653994153,0.23597246366733887,0.06357416829745598,0.05538009935270209,0.4587275808501624,0.36985340062484984,0.3478662369057212,0.25629664619744924,0.32122820672478203,0.3342480326435442]","[3.674109533354636,2.9795291850658696,3.4165334486594094,2.8752952088839687,3.562551958411304,3.8601910828025443,3.8601910828025443,3.376452469790224,3.111544728419659,3.6913308117031285,3.18992316962456,3.6358310258312745,3.5319668637324644]","[3383.0,2693.0,2512.0,2748.0,3253.0,2739.0,2973.0,2705.0,2969.0,2737.0,2768.0,2655.0,2939.0]","[8995.76370510397,8921.17202268431,9349.015122873347,9103.523629489602,8987.824196597354,9070.03213610586,9146.85066162571,8977.206049149338,9192.217391304348,9203.340264650284,8894.379962192817,8771.94706994329,9060.820415879018]","[5123.0,3674.0,3625.0,4071.0,4776.0,4081.0,4442.0,4023.0,4264.0,4005.0,4130.0,3659.0,4162.0]","[40.078462900077184,39.56040790866977,39.6929596248924,39.77635031938863,39.354741549475904,39.776,39.776,38.4789307116231,39.376361128936146,40.331646207335275,39.47500749590099,39.85381305359695,39.82303059180463]","[0.5005479452054794,0.5005479452054794,0.5005479452054794,0.5005479452054794,0.5005479452054794,0.5005479452054794,0.5005479452054794,0.5005479452054794,0.5005479452054794,0.5005479452054794,0.5005479452054794,0.5005479452054794,0.5005479452054794]","[469502.07791010354,1003900.5417392901,904281.555221178,847440.7287380246,438366.03685889335,67.57378810042177,70.69337321316422,937321.7493513863,542784.4740137026,605395.2198885777,429884.2619573978,436343.81481177965,634166.6277058575]","[-0.06277678013440889,0.017229563304122408,-0.01736881165230599,0.017945776907465977,-0.07716522335552414,-0.11199999999999977,-0.11199999999999971,0.01331445418848566,-0.02629182348844195,-0.05912329964784159,-0.0478915707350362,-0.058911529520865695,-0.03844079485707695]","[5757006.0,5702969.0,6040568.0,5831776.0,5770216.0,5800553.0,5902308.0,5750933.0,5921768.0,5953688.0,5630634.0,5586954.0,5801281.0]"
3020,3020,0.0,0.24847369438259492,44.856882977231884,52.7187852665314,0.10266271751203258,0.19106553128470938,0.4005479452054794,3,2111,"[233.20248127624424,267.80523329805317,443.461281005776]","[0.0,0.0,0.0]","[162.0,171.0,161.0]","[0.0,0.0,0.0]","[206.0,208.0,204.0]","[0.19106553128470938,0.19548375528939255,0.210066066962786]","[3.2079924549644425,3.2264945827860605,3.2239323276946665]","[248.675368455236,244.18698503055143,246.231445719153]","[1112.693761814745,1117.773156899811,1136.4593572778829]","[370.0,382.0,367.0]","[-0.6659459459459417,-0.6102094240837661,-0.600817438692095]","[0.0,0.0,0.0]","[0.0,0.0,0.0]","[2.0,3.0,2.0]","[0.10266271751203258,0.11419063329269168,0.10908364749356127]","[3.8616395224326894,3.8117017100639763,3.8275050062956995]","[3012.0,3305.0,3010.0]","[8057.514177693762,8004.595463137996,8009.383742911153]","[4717.0,4968.0,4757.0]","[39.6981373776962,39.78371856624044,39.79063717031516]","[0.4005479452054794,0.4005479452054794,0.4005479452054794]","[123364.11259513319,141668.96841467006,234591.01765205566]","[-0.08859508942422194,-0.07410157690100576,-0.08152191092097053]","[4851040.0,4825733.0,4838151.0]"
3020,3020,0.0,0.0,44.91516850598862,52.243374548204976,0.08849780744305173,0.20325103536158012,0.5005479452054794,11,279,"[2263.346223125827,76.29486485094874,2214.9267983491577,1375.5089894950652,1013.5185892658591,237.55078552741048,0.17415556002201946,267.32833644302565,659.1272858142397,1862.1837771471764,248.6207495223552]","[0.0,0.0,0.0,0.0,0.0,0.0,0.0,0.0,0.0,0.0,0.0]","[151.0,162.0,176.0,154.0,158.0,174.0,163.0,162.0,144.0,147.0,157.0]","[0.0,0.0,0.0,0.0,0.0,0.0,0.0,0.0,0.0,0.0,0.0]","[175.0,214.0,184.0,225.0,207.0,197.0,181.0,191.0,188.0,202.0,199.0]","[0.3017388015799647,0.20278927426406296,0.2860745814307458,0.24581197816893774,0.2582781009570276,0.20569508547797513,0.20325103536158012,0.19942877100391943,0.23084419871265888,0.3148706676610276,0.2222402647375712]","[3.2557972017121313,3.2372749474608615,3.259140097832522,3.2525942866196877,3.197027088968352,3.2237872384533177,3.228869565217364,3.209230377677981,3.2011490405724876,3.2574360643994678,3.2036076323033478]","[244.31320143469515,248.4287980335307,244.31309135232027,243.94094816242946,227.99965113183947,248.12187883546432,248.60000000000005,246.6330418080346,241.99004050129858,229.5035307481254,243.3861100502546]","[1918.6691871455575,1051.0586011342155,1588.3308128544425,1613.1001890359169,1495.897920604915,1031.1474480151228,844.4555765595463,1143.1814744801513,1159.5576559546314,1707.3251417769377,1006.6370510396976]","[326.0,376.0,360.0,379.0,365.0,371.0,344.0,353.0,332.0,349.0,356.0]","[-0.023619631901840493,-0.583937935434213,0.011349274847080565,-0.32536948764339274,-0.4143173158863183,-0.5943396226415064,-0.6999999999999957,-0.5968838526912154,-0.5460091258568892,0.09521467127029798,-0.6400849799208617]","[0.0,0.0,0.0,0.0,0.0,0.0,0.0,0.0,0.0,0.0,0.0]","[0.0,0.0,0.0,0.0,0.0,0.0,0.0,0.0,0.0,0.0,0.0]","[0.0,0.0,0.0,0.0,0.0,0.0,0.0,0.0,0.0,0.0,0.0]","[0.14728296495503823,0.06258816671524337,0.14270319634703196,0.16892182021903349,0.22276524676299495,0.09336188753092346,0.0595324944249761,0.08849780744305173,0.20864416570391153,0.1472645915924167,0.12300677235647221]","[3.7369144310320883,3.8577281010679467,3.776897274177764,3.763621283074332,3.405692220521804,3.850681202705225,3.8601910828025705,3.8357747546930967,3.732533267652213,3.4449698628523207,3.748409568649428]","[2666.0,2997.0,2967.0,3203.0,2943.0,3033.0,2804.0,2900.0,2633.0,2877.0,2798.0]","[8706.385633270322,7935.461247637051,8404.38752362949,8570.402646502836,8526.805293005671,7843.0113421550095,7767.090737240075,8100.035916824197,8134.491493383743,8523.18336483932,7889.705103969754]","[4132.0,4773.0,4857.0,4718.0,4549.0,4888.0,4513.0,4572.0,4165.0,4234.0,4588.0]","[39.932626735826695,39.823766420940316,39.95117185090088,39.90963828034259,39.64691312140503,39.77809093445691,39.77600000000002,39.6756253011393,39.60192971651525,39.94162557578891,39.65856667178071]","[0.5005479452054794,0.4005479452054794,0.5005479452054794,0.5005479452054794,0.5005479452054794,0.4005479452054794,0.5005479452054794,0.5005479452054794,0.5005479452054794,0.5005479452054794,0.5005479452054794]","[1197310.1520335611,40359.98350615188,1171696.276326705,727644.2554428898,536151.3337216396,125664.36554400017,92.12829125164822,141416.68997836052,348678.33419573295,985095.2181108556,131520.37649732578]","[-0.0034355828220858898,-0.0941159406448029,0.014443772257049188,-0.036504930986171066,-0.05856487094958136,-0.07779014446360694,-0.11199999999999967,-0.08290471250337707,-0.055952382789219865,0.0021790087400231314,-0.08467014260324836]","[5620654.0,4753869.0,5286148.0,5387073.0,5302010.0,4694430.0,4555508.0,4889662.0,4916552.0,5411939.0,4706165.0]"
3020,3020,35.15489992163216,44.852409813203906,41.42019671370943,18.14586832124444,0.29658397593076513,0.34863043546391626,0.5005479452054794,13,153,"[1372.246049817184,1620.5021144638533,2066.5398075386797,2227.5526113601277,1751.9962763116503,1846.7897915881936,2599.412721803105,1696.5338388249136,1515.2230974477802,1460.984691505368,1774.1019091583569,2062.474579158458,2628.6994863015284]","[0.0,0.0,0.0,0.0,0.0,0.0,0.0,0.0,0.0,0.0,0.0,0.0,0.0]","[38.0,51.0,47.0,50.0,56.0,61.0,52.0,55.0,52.0,60.0,63.0,62.0,53.0]","[0.0,0.0,0.0,0.0,0.0,0.0,0.0,0.0,0.0,0.0,0.0,0.0,0.0]","[17.0,22.0,24.0,16.0,25.0,13.0,17.0,20.0,20.0,21.0,23.0,14.0,11.0]","[0.4281161241673998,0.3486117358413412,0.4101917808219178,0.39398338906266855,0.3149944465012958,0.3486491350864913,0.3613757338551859,0.29801992528019927,0.41534023833389017,0.3694798640436708,0.3839697685403874,0.40019863013698626,0.37874657534246575]","[3.2304228829215456,3.2657798070235597,3.188263695113013,3.188224570548687,3.2716119808799484,3.2548220251848208,3.2398327556351716,3.2809565129289333,3.2422578843071754,3.1279803788218223,3.161988570313329,3.232463937106482,3.242943647214945]","[144.23167674620893,232.48351715923678,208.95345741648697,233.4537192800321,246.7581723559108,238.2902304165182,245.70573614361132,214.0317364270152,164.52974240286952,217.8416384340266,209.53268372890926,209.5072279399352,246.63911385272334]","[2036.9886578449905,1955.468809073724,2011.7466918714556,2099.5992438563326,1947.5897920604914,1869.374291115312,2047.625708884688,2248.633270321361,1976.9735349716445,1968.4744801512288,1782.3553875236296,2187.0415879017014,1699.5047258979207]","[109.0,134.0,120.0,127.0,148.0,137.0,140.0,132.0,123.0,133.0,145.0,120.0,120.0]","[0.13501233930721138,-0.16258353796081645,0.08718794356416705,0.16348791760915815,-0.13966128146315548,-0.0738816552303768,-0.030000000000000002,-0.19434234047831994,0.05294380929607889,-0.11525934632319408,0.07422614651004628,0.1704523458316478,-0.0013702404742819076]","[0.0,0.0,0.0,0.0,0.0,0.0,0.0,0.0,0.0,0.0,0.0,0.0,0.0]","[0.0,0.0,0.0,0.0,0.0,0.0,0.0,0.0,0.0,0.0,0.0,0.0,0.0]","[54.0,61.0,49.0,61.0,67.0,63.0,71.0,57.0,51.0,52.0,59.0,44.0,56.0]","[0.3967701394998115,0.30014925373134327,0.4596872146118722,0.49949520008629056,0.18049426138467234,0.29301869813018694,0.25847358121330727,0.3323557492735575,0.44134313397928504,0.40235039653929344,0.32412281530467646,0.4427945205479452,0.30468949771689496]","[1.6645197469113995,3.585539751223121,3.049725990910519,3.508500831553434,3.808303520424166,3.6114735614779883,3.814566934752065,3.099837856477838,2.133417279911666,3.170615739753628,3.1603292273111605,3.0079155360186314,3.7800948551166496]","[2225.0,2676.0,2152.0,2603.0,3018.0,2774.0,3050.0,2469.0,2335.0,2487.0,2793.0,2077.0,2271.0]","[9127.126654064272,8924.567107750472,9109.66540642722,9205.500945179585,8972.466918714556,8853.538752362949,9044.013232514179,9466.979206049149,8966.654064272212,9062.264650283554,8667.46313799622,9349.657844990548,8894.088846880908]","[3499.0,4193.0,3449.0,3892.0,4305.0,4191.0,4537.0,3798.0,3747.0,3901.0,4097.0,3337.0,3759.0]","[39.82439735088016,39.948892980743516,39.67444066437613,39.36435858183942,40.01983297140725,39.94347389581541,39.83386355329947,40.07437390633836,39.87146786221747,39.13693938642965,39.30366953330846,39.78815687138443,39.89973810483855]","[0.5005479452054794,0.5005479452054794,0.5005479452054794,0.5005479452054794,0.5005479452054794,0.5005479452054794,0.5005479452054794,0.5005479452054794,0.5005479452054794,0.5005479452054794,0.5005479452054794,0.5005479452054794,0.5005479452054794]","[725918.1603532896,857245.6185513792,1093199.5581879616,1178375.3314095077,926806.0301688616,976951.7997501539,1375089.329833843,897466.4007383795,801553.0185498759,772860.9018063409,938499.9099447709,1091049.0523748246,1390582.0282535085]","[0.026900524286477066,-0.015837188039080075,0.022406277512514828,0.02220025420461443,5.373410935301668E-4,-0.00970675631819561,-0.012000000000000004,-0.01806754527900031,0.004060126729552217,-0.012724198550139816,0.016830090460882567,0.027664114754800455,8.942186306646935E-4]","[5905817.0,5755539.0,5883227.0,5980398.0,5776710.0,5672421.0,5867477.0,6197559.0,5789179.0,5835261.0,5527954.0,6102914.0,5604011.0]"
3020,3020,98.33788794049114,22.970217133128187,25.84403773432202,1.0,0.7484148727984344,0.7337377690802349,0.5005479452054794,1,2947,"[2944.0024972174097]","[0.0]","[1.0]","[0.0]","[4.0]","[0.7337377690802349]","[2.539962217786364]","[236.74821847529807]","[2999.234404536862]","[7.0]","[-0.09999999999999999]","[0.0]","[0.0]","[2.0]","[0.7484148727984344]","[3.272565139794137]","[92.0]","[10672.226843100188]","[165.0]","[36.599325028870965]","[0.5005479452054794]","[1557377.3210280086]","[0.0]","[7232203.0]"
3020,3020,99.99093339310454,21.304182143142494,24.85959886984127,1.0,0.8289497716894977,0.6992694063926941,0.5005479452054794,1,2902,"[2961.126240378624]","[0.0]","[2.0]","[0.0]","[3.0]","[0.6992694063926941]","[1.9832485454077016]","[222.73051391321476]","[3005.727788279773]","[6.0]","[0.0]","[0.0]","[0.0]","[1.0]","[0.8289497716894977]","[3.0304130068756225]","[65.0]","[10686.96786389414]","[97.0]","[32.82812865366883]","[0.5005479452054794]","[1566435.7811602922]","[0.0]","[7243436.0]"
3020,3020,86.44369948933137,0.0,42.02472485960987,1.0,0.9461187214611873,0.8560730593607305,0.5005479452054794,1,2925,"[2980.48587953139]","[0.0]","[1.0]","[0.0]","[2.0]","[0.8560730593607305]","[3.886344487693863]","[183.50176499151158]","[3023.442344045369]","[3.0]","[0.18713333333333323]","[0.0]","[0.0]","[0.0]","[0.9461187214611873]","[2.3784100625771667]","[31.0]","[10723.758034026465]","[25.0]","[43.49482495939001]","[0.5005479452054794]","[1576677.0302721031]","[0.02990837705048573]","[7272269.0]"
3020,3020,87.31058050936551,10.989833430367433,12.652125509364028,31.20431255948534,0.4841108287361309,0.4332197634937361,0.5005479452054794,7,59,"[1882.376261844823,2047.7776831905574,2095.6863769153074,1950.1973114410596,1737.033254477273,1850.6201795123768,2115.9244783362033]","[0.0,0.0,0.0,0.0,0.0,0.0,0.0]","[25.0,22.0,33.0,39.0,28.0,32.0,31.0]","[0.0,0.0,0.0,0.0,0.0,0.0,0.0]","[187.0,176.0,201.0,171.0,166.0,160.0,169.0]","[0.4516374234916934,0.45270532307499844,0.43103111394286925,0.4332197634937361,0.46030868406372033,0.4494115377194675,0.45334511710119313]","[3.2388608461911192,3.129882738441316,3.2339432630871316,3.1398486901957274,3.148815804241099,3.1656609692428224,3.1347487096023867]","[199.94149128806754,215.6174043705359,222.89739257175142,214.55397684932927,193.1778228533809,195.62195045451867,219.13966721339722]","[1792.1266540642723,2072.10775047259,1953.500945179584,1998.3005671077506,1884.8676748582232,2019.945179584121,1990.2911153119092]","[235.0,219.0,258.0,234.0,221.0,213.0,217.0]","[0.08758774207685606,0.2294040253215129,0.04885188339198083,0.1442332941003938,0.13206062219281672,0.19890814424844125,0.08891322149712858]","[0.0,0.0,0.0,0.0,0.0,0.0,0.0]","[0.0,0.0,0.0,0.0,0.0,0.0,0.0]","[23.0,21.0,24.0,24.0,27.0,21.0,17.0]","[0.4847496356747304,0.5176756114342903,0.46472974407985557,0.4876571829996488,0.4841108287361309,0.5127648080262397,0.5028520926709172]","[2.8926842424631127,3.183260888302227,3.219442981002058,3.2281324981619024,2.805264068350914,2.82556982945781,3.257692371443255]","[2301.0,2138.0,2532.0,2273.0,2272.0,2191.0,2117.0]","[8823.285444234405,9289.020793950851,9086.379962192817,9205.410207939509,8953.538752362949,9184.035916824196,9111.041587901702]","[3340.0,3082.0,3461.0,3594.0,3143.0,3019.0,3029.0]","[39.82563987962359,39.19730406515151,39.8509752200745,39.27651428329294,39.28910181770755,39.29037306455025,39.37365032655484]","[0.5005479452054794,0.5005479452054794,0.5005479452054794,0.5005479452054794,0.5005479452054794,0.5005479452054794,0.5005479452054794]","[995777.042515912,1083274.3944078044,1108618.0933881977,1031654.3777523208,918890.5916184757,978978.0749620474,1119324.049039851]","[0.015287006845891737,0.029461519038597613,0.01607446457959239,0.025226829064244324,0.0223043553861608,0.027255856142520185,0.02066048556999591]","[5615553.0,6010037.0,5840097.0,5926763.0,5733517.0,5926906.0,5872605.0]"
3020,3020,7.7950267364488415,0.046976176888024336,44.19474350427684,52.24504456015853,0.1585779156890941,0.30872685642098613,0.5005479452054794,2,2797,"[2141.598902763808,2061.0600067358314]","[0.0,0.0]","[159.0,151.0]","[0.0,0.0]","[187.0,210.0]","[0.30872685642098613,0.31145084386588967]","[3.2553107357153297,3.2458626681445484]","[237.28659383566767,236.29671728028822]","[1572.4574669187145,2004.226843100189]","[347.0,362.0]","[0.11832230994944837,0.09899893865422367]","[0.0,0.0]","[0.0,0.0]","[1.0,1.0]","[0.16112273498874896,0.1585779156890941]","[3.606198084247346,3.607686983193873]","[2863.0,3045.0]","[8422.805293005671,8944.502835538753]","[4534.0,4563.0]","[39.93285598738959,39.885873108655986]","[0.5005479452054794,0.5005479452054794]","[1132905.8195620538,1090300.743563255]","[0.005419225249149257,0.008419857098013616]","[5287494.0,5791878.0]"
3020,3020,32.95195312287994,0.0,41.95459258849041,51.886840525882306,0.1839186868485163,0.25400363278589266,0.4005479452054794,7,929,"[734.1006041262647,2081.7623685119893,1419.9648442187454,2216.328682446694,2139.7068296616176,2195.556507003129,0.21136781251038422]","[0.0,0.0,0.0,0.0,0.0,0.0,0.0]","[162.0,154.0,147.0,141.0,129.0,143.0,164.0]","[0.0,0.0,0.0,0.0,0.0,0.0,0.0]","[200.0,203.0,218.0,176.0,214.0,198.0,212.0]","[0.25400363278589266,0.3886113349449369,0.3550744980296491,0.37032626074931935,0.37330324693478173,0.3523906319045515,0.20206791023025358]","[3.2385157842743806,3.202018432797243,3.2183960354346803,3.226955945919402,3.2160747179316895,3.2487498364365037,3.2288695652173613]","[242.82033954450182,237.88155027208353,191.1093813197426,241.6154521095519,239.98674100438063,247.45814195294906,248.60000000000014]","[1053.0812854442345,1991.1739130434783,1521.930056710775,1929.6351606805292,1920.8506616257089,1858.6351606805292,1037.2155009451797]","[362.0,357.0,365.0,317.0,343.0,341.0,376.0]","[-0.5046961325966837,0.1290612623735678,0.04833311983132986,0.025995219086618438,0.14939766276818836,0.0823014416270201,-0.6999999999999952]","[0.0,0.0,0.0,0.0,0.0,0.0,0.0]","[0.0,0.0,0.0,0.0,0.0,0.0,0.0]","[0.0,0.0,0.0,0.0,0.0,0.0,0.0]","[0.22434117914175433,0.242006830129312,0.2203100018765247,0.20421243680048398,0.1839186868485163,0.20806250753223796,0.05680559603614106]","[3.7404193892382556,3.6330679801255616,2.6549514353152426,3.731585219131896,3.656435899352826,3.8280895028714674,3.8601910828025776]","[3006.0,2932.0,2925.0,2505.0,2748.0,2815.0,3080.0]","[7795.241965973535,9029.304347826086,8184.476370510397,8847.778827977316,8811.824196597354,8696.189035916825,7981.5557655954635]","[4556.0,4425.0,4569.0,4038.0,4166.0,4182.0,4659.0]","[39.891484279226724,39.617872410129685,39.75734933663562,39.762552099341065,39.650858112380355,39.908980509223,39.775999999999996]","[0.4005479452054794,0.5005479452054794,0.4005479452054794,0.5005479452054794,0.5005479452054794,0.5005479452054794,0.4005479452054794]","[388339.21958279435,1101252.2929428422,751161.4025917171,1172437.873014303,1131904.9128909972,1161449.392204657,111.81357281799337]","[-0.05161135061922582,0.01591159394439321,0.00681179311881236,0.004523428375063417,0.01878823432739911,0.013111260648190024,-0.11199999999999985]","[4680763.0,5829833.0,5134689.0,5701252.0,5677585.0,5583502.0,4770930.0]"
3020,3020,68.91873563822344,1.262592749491523,35.00264141935372,1.4756237346697831,0.5878036529680366,0.590897586431833,0.5005479452054794,10,1,"[2941.7643646589095,2922.359633764835,2885.9129815772967,2916.014026038624,2988.4049447097364,2848.9126532725063,2904.999449504443,2939.878826014792,2900.990839951063,2952.318174472054]","[0.0,0.0,0.0,0.0,0.0,0.0,0.0,0.0,0.0,0.0]","[4.0,8.0,2.0,7.0,1.0,8.0,5.0,4.0,7.0,3.0]","[0.0,0.0,0.0,0.0,0.0,0.0,0.0,0.0,0.0,0.0]","[6.0,6.0,14.0,8.0,3.0,10.0,10.0,7.0,6.0,5.0]","[0.7946027397260275,0.5985909980430528,0.6888315874294922,0.5490593607305936,0.7954109589041096,0.6708002883922134,0.5678173515981735,0.6336737235367372,0.7639409905163329,0.8163698630136986]","[3.0358747957367966,2.5998495878861925,2.914128582378289,2.7852306930154813,2.94421805833362,2.7683432878740293,2.926124678078033,2.2983072794991872,2.7736903201168137,3.1542940679402083]","[206.07686767625194,213.3712807562675,191.2177662779114,201.79049535003347,146.12925330595775,167.49202776776076,211.79275842939776,196.34530677870757,200.58167241204762,190.75653999374615]","[2849.557655954631,2954.1531190926275,2766.147448015123,2902.5500945179583,3005.3232514177694,2745.196597353497,2950.773156899811,2965.115311909263,2834.001890359168,2962.3761814744803]","[10.0,14.0,17.0,15.0,4.0,19.0,15.0,11.0,13.0,8.0]","[-0.0653436546677604,0.0,0.04935321105180546,0.0,0.37131118811686964,-0.042340413833205165,-0.04666666666666666,0.0,0.04924112412150887,0.0]","[0.0,0.0,0.0,0.0,0.0,0.0,0.0,0.0,0.0,0.0]","[0.0,0.0,0.0,0.0,0.0,0.0,0.0,0.0,0.0,0.0]","[0.0,0.0,1.0,0.0,0.0,1.0,0.0,0.0,0.0,0.0]","[0.779013698630137,0.5707827788649706,0.6858984689766318,0.5901187214611873,0.7027397260273973,0.6674549387166547,0.5808584474885844,0.606799501867995,0.7396206533192835,0.7403424657534247]","[2.8144995269762605,3.087552496647329,2.5359966916010053,2.914606348024073,1.6845913653069589,2.1523799824999816,2.920459531661016,2.7939660254679186,2.8391193357444373,2.6098346482967303]","[68.0,113.0,139.0,157.0,24.0,202.0,121.0,90.0,115.0,59.0]","[10507.44990548204,10612.06427221172,10371.79584120983,10519.200378071833,10700.134215500946,10277.391304347826,10603.75236294896,10631.200378071833,10477.563327032136,10614.733459357278]","[141.0,189.0,187.0,152.0,38.0,266.0,216.0,103.0,192.0,104.0]","[39.63887892734197,36.432356646706836,38.624726242064,36.628258155983396,38.45429204135688,37.44942587335412,37.646385854627574,34.55733947162877,39.03886074667586,38.31417863362968]","[0.5005479452054794,0.5005479452054794,0.5005479452054794,0.5005479452054794,0.5005479452054794,0.5005479452054794,0.5005479452054794,0.5005479452054794,0.5005479452054794,0.5005479452054794]","[1556193.348904562,1545928.2462615967,1526647.9672543881,1542571.4197744334,1580866.2157514507,1507074.793581157,1536744.7087878522,1555195.8989618272,1534624.154334111,1561776.314295718]","[0.0,-0.007999999999999998,-0.0053853611864904,-0.00524863380394792,0.06087662883751857,2.7878016123911094E-4,3.3894076581504064E-4,0.0,0.0,0.0]","[7065857.0,7176529.0,6949972.0,7100106.0,7250187.0,6888949.0,7170344.0,7192451.0,7041818.0,7182291.0]"
3020,3020,82.51922260651888,21.84455472077153,27.567979791506804,1.0,0.6481409001956947,0.5611741682974559,0.5005479452054794,2,2820,"[2936.734016333196,2946.646790568222]","[0.0,0.0]","[1.0,3.0]","[0.0,0.0]","[5.0,5.0]","[0.5611741682974559,0.7664041095890411]","[1.9395525353157146,2.628487976794831]","[165.09967813249182,172.43790533942345]","[2980.001890359168,2996.601134215501]","[7.0,8.0]","[0.0,0.0]","[0.0,0.0]","[0.0,0.0]","[1.0,0.0]","[0.6481409001956947,0.8455479452054795]","[2.417296333815386,2.1876052016575427]","[88.0,56.0]","[10647.77504725898,10681.799621928167]","[114.0,88.0]","[32.13366881602861,36.617167583590906]","[0.5005479452054794,0.5005479452054794]","[1553532.2946402612,1558776.1522105876]","[-0.015999999999999997,0.0]","[7209094.0,7235874.0]"
3020,3020,98.84198809878613,22.19650612854793,24.901362023083617,1.0,0.898958904109589,0.8993424657534246,0.5005479452054794,3,2069,"[2902.879189778122,2987.295215064216,2977.6455255378205]","[0.0,0.0,0.0]","[0.0,0.0,3.0]","[0.0,0.0,0.0]","[2.0,3.0,1.0]","[0.8993424657534246,0.9863926940639269,0.9700684931506849]","[1.8428577132792934,4.811124833354584,3.0092362719377923]","[202.54914641416457,232.0947989862343,210.46268147624312]","[2783.4102079395084,3020.7674858223063,2970.553875236295]","[5.0,3.0,4.0]","[-0.13999999999999999,0.0,0.16062822635583623]","[0.0,0.0,0.0]","[0.0,0.0,0.0]","[3.0,0.0,0.0]","[0.898958904109589,0.9666666666666667,0.9313013698630137]","[2.741837357569924,3.40470916150224,3.200914004817516]","[126.0,22.0,29.0]","[10442.060491493383,10708.412098298677,10668.805293005671]","[150.0,29.0,66.0]","[32.67674278261795,51.131231052797894,38.113052779352984]","[0.5005479452054794,0.5005479452054794,0.5005479452054794]","[1535623.0913926247,1580279.1687689708,1575174.4830095093]","[-0.001823271195692866,0.0,0.0]","[6996274.0,7262736.0,7215221.0]"
3020,3020,8.396233329783719,9.561115938549781,16.02601136254384,17.035268426590193,0.5265058270292374,0.3988859956979509,0.5005479452054794,11,27,"[2599.347373983899,2364.5752829396793,2434.596102029078,2460.465699229961,2493.7008572969185,2469.755599464313,2399.204133948874,2410.9857366111714,2582.172277887304,2369.802685721082,2416.3611983666947]","[0.0,0.0,0.0,0.0,0.0,0.0,0.0,0.0,0.0,0.0,0.0]","[21.0,15.0,23.0,16.0,14.0,23.0,16.0,16.0,14.0,17.0,25.0]","[0.0,0.0,0.0,0.0,0.0,0.0,0.0,0.0,0.0,0.0,0.0]","[83.0,103.0,87.0,93.0,89.0,103.0,95.0,72.0,89.0,99.0,96.0]","[0.39478228962818,0.40662032304232265,0.3988859956979509,0.4139958207569074,0.4050252343186734,0.3984528605962933,0.4131990330378727,0.4102845100105374,0.40378227663959265,0.4032919188701285,0.4107949356579494]","[3.271461282942989,3.226683693013146,3.2159959746623867,3.20960237951657,3.2524967786698697,3.2122111876767305,3.1882570055925386,3.14162571800022,3.2027138866889358,3.207592067042035,3.202579105916907]","[227.20545723621754,203.94995052294675,208.72415770735074,211.5130495224823,213.44314289865795,214.4630668886821,191.17008338185806,200.33945659179412,224.6998212375481,199.94096070911192,208.82830992623346]","[2507.9829867674857,2466.4102079395084,2393.187145557656,2372.0661625708885,2401.2533081285446,2452.2060491493385,2424.1606805293004,2492.4328922495274,2477.5822306238183,2380.563327032136,2405.9508506616257]","[112.0,134.0,121.0,118.0,114.0,136.0,119.0,104.0,113.0,129.0,132.0]","[0.029730003121331068,0.015325815370242283,-0.010016358242629102,0.030115360939948727,0.024985350239861804,0.021782141074071518,0.014539065435262606,0.02595352111420801,0.030037372839565556,0.0835207432299828,0.01769382524316888]","[0.0,0.0,0.0,0.0,0.0,0.0,0.0,0.0,0.0,0.0,0.0]","[0.0,0.0,0.0,0.0,0.0,0.0,0.0,0.0,0.0,0.0,0.0]","[8.0,16.0,11.0,9.0,11.0,10.0,8.0,16.0,10.0,13.0,11.0]","[0.5146624266144814,0.5265058270292374,0.5370610211706102,0.5640260041792431,0.5684090362893535,0.5160213537469782,0.5382824910786232,0.5549710221285563,0.5374130197599709,0.5504003398109801,0.5609007887090078]","[3.3759486931744154,2.87732133484333,2.9443914341604813,3.03360577913033,3.2761990416306705,3.0996151893790547,2.7820220257617208,2.605535098862508,3.2521008803920735,2.9483684306483027,2.9986787208749437]","[1062.0,1432.0,1230.0,1156.0,1142.0,1277.0,1076.0,1209.0,1136.0,1324.0,1289.0]","[9912.08506616257,9775.071833648393,9721.482041587902,9682.056710775047,9747.733459357278,9763.650283553876,9769.725897920605,9859.35349716446,9796.803402646503,9663.030245746691,9705.884688090737]","[1483.0,1967.0,1732.0,1621.0,1619.0,1797.0,1567.0,1738.0,1585.0,1803.0,1761.0]","[40.00575124423774,39.803000893323954,39.687852988310205,39.83168722764182,40.02022969266492,39.74607281423303,39.623959894715064,39.29762964687904,39.31252089242203,39.59450879981866,39.74561235985095]","[0.5005479452054794,0.5005479452054794,0.5005479452054794,0.5005479452054794,0.5005479452054794,0.5005479452054794,0.5005479452054794,0.5005479452054794,0.5005479452054794,0.5005479452054794,0.5005479452054794]","[1375054.7608374862,1250860.3246750885,1287901.3379733844,1301586.3548926485,1319167.7535100703,1306500.712116621,1269178.9868589544,1275411.4546673102,1365969.1350023833,1253625.620746453,1278255.0739359816]","[0.0048065675700909045,8.603860980904834E-5,0.0015492043456957652,0.003519868317370955,0.007718000195516604,0.0066833095357269005,0.0033082223822913435,0.006898031253581114,0.0049216813142329546,0.00559077955369603,0.0021575425769049393]","[6570216.0,6475744.0,6408660.0,6376631.0,6426814.0,6462188.0,6450566.0,6534095.0,6493150.0,6371061.0,6407161.0]"
3020,3020,99.71103614771106,15.590849217064852,19.271760177312665,1.0,0.7033268101761253,0.6686888454011742,0.5005479452054794,2,2578,"[2952.8619251902223,2977.8629377596285]","[0.0,0.0]","[3.0,4.0]","[0.0,0.0]","[3.0,3.0]","[0.971689497716895,0.6686888454011742]","[4.891816560580488,2.764138539068608]","[206.93495687096586,227.5352235913372]","[2856.506616257089,3003.2136105860113]","[6.0,7.0]","[0.0,-0.09999999999999999]","[0.0,0.0]","[0.0,0.0]","[0.0,0.0]","[0.9877625570776256,0.7033268101761253]","[3.3706157579183977,3.1402053174420237]","[54.0,60.0]","[10527.81852551985,10679.943289224953]","[89.0,117.0]","[60.64672684421109,37.05390742949881]","[0.5005479452054794,0.5005479452054794]","[1562063.9584256276,1575289.494074844]","[0.0,0.0]","[7080308.0,7238390.0]"
3020,3020,76.83646907087396,0.4901496223443169,0.0,1.0,0.735917393109174,0.5480821917808218,0.5005479452054794,5,1080,"[2991.5225382873423,2933.8313748825667,2981.000128836471,2977.278055703395,2975.5800391735124]","[0.0,0.0,0.0,0.0,0.0]","[0.0,0.0,0.0,0.0,0.0]","[0.0,0.0,0.0,0.0,0.0]","[3.0,12.0,4.0,11.0,6.0]","[0.45534246575342463,0.7114611872146119,0.8052054794520548,0.6618430884184309,0.6408219178082192]","[3.663918255451513,2.8883312570556883,4.088925412322965,3.662447895549516,2.4695550092193193]","[163.89085810959668,179.39977546015984,227.1762986168633,241.18223649290906,192.73707694483807]","[3009.6597353497164,2934.775047258979,3003.179584120983,2928.971644612476,3001.313799621928]","[3.0,12.0,4.0,11.0,6.0]","[0.01746236252281978,0.2874831807517698,0.0,0.0,-0.11666666666666665]","[0.0,0.0,0.0,0.0,0.0]","[0.0,0.0,0.0,0.0,0.0]","[0.0,0.0,0.0,0.0,0.0]","[0.7905936073059361,0.7698173515981735,0.8218493150684931,0.7020174346201744,0.8265753424657534]","[2.1675473358676514,2.333371209821424,3.3675494044544845,3.6974850501852816,2.6966810199727793]","[21.0,85.0,32.0,70.0,39.0]","[10709.266540642722,10571.631379962193,10693.77504725898,10568.211720226844,10697.72211720227]","[25.0,112.0,33.0,90.0,50.0]","[42.237351889147824,37.73834382624394,48.20593677627832,43.20444962233492,34.998696135018896]","[0.5005479452054794,0.5005479452054794,0.5005479452054794,0.5005479452054794,0.5005479452054794]","[1582515.4227540023,1551996.7973128764,1576949.068154493,1574980.0914670974,1574081.8407227884]","[0.006649970148614959,0.07810174285389358,0.0,0.008129938822165611,0.0]","[7257312.0,7144889.0,7245689.0,7140010.0,7246790.0]"
3020,3020,100.0,20.959357740468,24.859392392318174,1.0,0.630986301369863,0.4829452054794521,0.5005479452054794,7,1037,"[2967.3750439365595,2812.061994272168,2986.4150774719683,2946.4733164514164,2912.2168296197683,2938.0857812748472,2900.3601458942585]","[0.0,0.0,0.0,0.0,0.0,0.0,0.0]","[2.0,2.0,1.0,1.0,0.0,3.0,1.0]","[0.0,0.0,0.0,0.0,0.0,0.0,0.0]","[6.0,6.0,3.0,4.0,7.0,2.0,5.0]","[0.34883561643835614,0.7681278538812785,0.4829452054794521,0.79662100456621,0.5927945205479451,0.680958904109589,0.6052054794520548]","[2.114755537215158,2.618407511999513,2.6681091551977234,2.5611197237460215,2.7626379516361164,3.026685909832018,2.827460313881706]","[223.89971095615496,154.28356468348443,177.2164524245519,160.3703905119625,213.2043325555881,163.95249023725833,187.1707494438576]","[3002.226843100189,2847.364839319471,3020.975425330813,2924.0756143667295,2995.75236294896,3005.162570888469,2961.2060491493385]","[8.0,12.0,4.0,6.0,10.0,6.0,9.0]","[-0.0875,0.0,0.0,0.09356666666666658,0.19145793155203628,0.0,-0.07777777777777778]","[0.0,0.0,0.0,0.0,0.0,0.0,0.0]","[0.0,0.0,0.0,0.0,0.0,0.0,0.0]","[0.0,4.0,0.0,1.0,3.0,1.0,3.0]","[0.8114041095890411,0.6881278538812785,0.7273287671232876,0.7810502283105023,0.630986301369863,0.6750228310502283,0.6291324200913242]","[3.3091497587847702,2.649694260162718,2.5465522075437113,2.219187686501442,2.9408738704956825,2.7054090899144447,2.6799292724079096]","[60.0,200.0,26.0,80.0,122.0,68.0,148.0]","[10683.185255198488,10506.474480151228,10719.510396975425,10571.894139886579,10671.340264650284,10691.49338374291,10609.79584120983]","[77.0,280.0,54.0,81.0,159.0,136.0,243.0]","[33.36750764551193,37.354606160843524,35.525266779554535,36.428167518446415,37.21646517333255,38.073971999281625,36.573955505040075]","[0.5005479452054794,0.5005479452054794,0.5005479452054794,0.5005479452054794,0.5005479452054794,0.5005479452054794,0.5005479452054794]","[1569741.3982424387,1487580.7949699757,1579813.5759826708,1558684.3844028008,1540562.7028688581,1554247.3782943916,1534290.517178062]","[0.0,-0.0018273225151708011,0.0,0.02994133333333333,0.010093154055784906,0.0,-0.012444444444444444]","[7239583.0,7064181.0,7268717.0,7139368.0,7229892.0,7245531.0,7179060.0]"
3020,3020,1.1467775015599118,4.4784233093188135,37.90212412462467,50.105774415828186,0.12817171172784284,0.22328536218296047,0.5005479452054794,4,2634,"[2011.9812156300982,2170.550052615999,345.30016527501783,1110.0831352922125]","[0.0,0.0,0.0,0.0]","[146.0,126.0,129.0,130.0]","[0.0,0.0,0.0,0.0]","[224.0,183.0,176.0,165.0]","[0.3053156407596838,0.3587545914178298,0.20578235344167448,0.27579438840681847]","[3.254708651477779,3.270832452434429,3.2409133827130887,3.21771873801878]","[232.2717743358278,239.44240634725696,248.1752392817594,228.48471399282826]","[1870.748582230624,2105.778827977316,1191.156899810964,1300.1871455576559]","[383.0,317.0,322.0,311.0]","[0.09987696991570406,0.10369277171252349,-0.5934782608695631,-0.2757296381118395]","[0.0,0.0,0.0,0.0]","[0.0,0.0,0.0,0.0]","[13.0,8.0,17.0,16.0]","[0.15785829249973177,0.18256427984961757,0.11827618480387986,0.197967669470995]","[3.5133154086870104,3.6981548325348528,3.848840842251969,3.447502871298493]","[3232.0,2659.0,2995.0,2914.0]","[8666.319470699433,9231.143667296787,8104.506616257089,8207.778827977316]","[5453.0,4190.0,4638.0,4649.0]","[39.92482271392853,40.05498159831942,39.86173271320754,39.782822377297116]","[0.5005479452054794,0.5005479452054794,0.5005479452054794,0.5005479452054794]","[1064338.0630683207,1148220.9778338629,182663.7874304844,587233.9785695805]","[2.1687792886367373E-4,0.003987125853438345,-0.0687073774654109,-0.032091267558811545]","[5574109.0,5997232.0,4917406.0,5029714.0]"
3020,3020,100.0,8.220243169446457,24.40831155825485,1.0,0.8191095890410959,0.9476712328767123,0.5005479452054794,1,3010,"[2983.225474108754]","[0.0]","[0.0]","[0.0]","[4.0]","[0.9476712328767123]","[3.280182971290108]","[161.76330742877093]","[3018.1228733459357]","[4.0]","[0.46799087813837337]","[0.0]","[0.0]","[0.0]","[0.8191095890410959]","[2.092035123508346]","[28.0]","[10717.854442344045]","[37.0]","[40.048648404193706]","[0.5005479452054794]","[1578126.2758035313]","[0.047367427486387205]","[7266332.0]"
3020,3020,2.3917870718622725,35.985435938204944,35.88629967905615,105.49073374233599,0.03590077126741107,0.16291130482911304,0.4005479452054794,11,5,"[0.15319855114151043,0.15849190900043605,0.13674373603920217,0.15689918412113704,0.15490296831084857,0.15205181584910582,0.150629420015398,0.14818450392651905,0.14193824301379562,0.15365647696088788,0.15705784675701498]","[0.0,0.0,0.0,0.0,0.0,0.0,0.0,0.0,0.0,0.0,0.0]","[254.0,256.0,234.0,279.0,247.0,256.0,300.0,234.0,250.0,286.0,252.0]","[0.0,0.0,0.0,0.0,0.0,0.0,0.0,0.0,0.0,0.0,0.0]","[215.0,205.0,187.0,198.0,187.0,207.0,200.0,213.0,187.0,207.0,201.0]","[0.1629950979442367,0.16293454245038327,0.16622598686876874,0.1628504433983886,0.16391133546377903,0.16344257251949837,0.1640340847804983,0.1630505352826062,0.16297096529414112,0.16291064797541,0.16291130482911304]","[3.2288695652173502,3.2288695652173502,3.2288695652173507,3.228869565217349,3.2288695652173507,3.2288695652173494,3.2288695652173494,3.2288695652173502,3.2288695652173507,3.2288695652173494,3.2288695652173507]","[248.59999999999988,248.5999999999999,248.6000000000002,248.59999999999988,248.5999999999995,248.6000000000002,248.60000000000005,248.59999999999985,248.6000000000001,248.59999999999994,248.60000000000014]","[328.0642722117202,366.5406427221172,750.0642722117202,298.9981096408318,347.5179584120983,317.5671077504726,380.13610586011345,366.4650283553875,333.45179584120984,296.6275992438563,337.8412098298677]","[707.0,713.0,676.0,777.0,673.0,757.0,762.0,714.0,686.0,771.0,693.0]","[-0.6999999999999921,-0.6999999999999921,-0.6999999999999923,-0.6999999999999952,-0.6999999999999923,-0.6999999999999938,-0.6999999999999942,-0.6999999999999921,-0.6999999999999922,-0.6999999999999947,-0.6999999999999922]","[0.0,0.0,0.0,0.0,0.0,0.0,0.0,0.0,0.0,0.0,0.0]","[0.0,0.0,0.0,0.0,0.0,0.0,0.0,0.0,0.0,0.0,0.0]","[238.0,252.0,255.0,300.0,239.0,294.0,262.0,267.0,249.0,278.0,240.0]","[0.035906299044777275,0.035899248784798936,0.0360784631596012,0.035911919747536186,0.03597752854729386,0.035903801957981214,0.03590335454643512,0.03590077126741107,0.03589600223651104,0.03591706199029902,0.035903852616181384]","[3.860191082802558,3.860191082802557,3.860191082802564,3.8601910828025465,3.8601910828025647,3.8601910828025496,3.8601910828025487,3.8601910828025567,3.860191082802562,3.8601910828025474,3.8601910828025607]","[11879.0,12187.0,11952.0,14056.0,11742.0,14319.0,12859.0,12291.0,12047.0,13610.0,11861.0]","[6780.081285444235,6904.243856332703,7491.2060491493385,6805.302457466919,6911.863894139887,6783.1625708884685,6839.899810964083,6923.283553875236,6791.347826086957,6694.2930056710775,6825.998109640832]","[18178.0,18677.0,17917.0,21255.0,17683.0,20697.0,19631.0,19162.0,18392.0,20303.0,17900.0]","[39.77599999999996,39.776000000000046,39.77599999999995,39.77600000000001,39.77599999999996,39.775999999999975,39.77599999999996,39.77599999999996,39.776,39.77599999999996,39.77599999999995]","[0.4005479452054794,0.4005479452054794,0.4005479452054794,0.4005479452054794,0.4005479452054794,0.4005479452054794,0.4005479452054794,0.4005479452054794,0.4005479452054794,0.4005479452054794,0.4005479452054794]","[81.04203355385907,83.84221986123063,72.33743636473797,82.99966840008153,81.94367023643892,80.43541058417696,79.68296318814564,78.38960257712863,75.08533055429783,81.28427631230974,83.083600934461]","[-0.11199999999999943,-0.11199999999999939,-0.11199999999999964,-0.11199999999999902,-0.11199999999999967,-0.11199999999999913,-0.1119999999999991,-0.11199999999999939,-0.11199999999999957,-0.11199999999999904,-0.11199999999999953]","[3760209.0,3846245.0,4359632.0,3758175.0,3840213.0,3756286.0,3819399.0,3856277.0,3769019.0,3698197.0,3789671.0]"
3020,3020,8.31504733047903,1.9129364462998542,43.612405938938146,11.3226259704717,0.5541006459735085,0.4155250452001009,0.5005479452054794,8,2,"[2623.1731813888973,2642.8403011657474,2568.156534820158,2717.503667957765,2598.161445471564,2645.6715305953708,2565.4207208496823,2756.5408573832533]","[0.0,0.0,0.0,0.0,0.0,0.0,0.0,0.0]","[42.0,38.0,28.0,28.0,39.0,34.0,41.0,34.0]","[0.0,0.0,0.0,0.0,0.0,0.0,0.0,0.0]","[38.0,45.0,56.0,47.0,56.0,41.0,43.0,37.0]","[0.41247730648621883,0.4202965350523771,0.4150557502389296,0.416932930083615,0.42396271713034883,0.4320302072356867,0.41835616438356166,0.41987823439878236]","[3.2496878334315715,3.218479396079258,3.204927426669195,3.22321713814423,3.23552342802749,3.22537137633887,3.201243182346681,3.2269771626346437]","[212.09087956904494,219.28377999358474,190.37738778380705,223.3591298054437,207.5015779698991,207.78937218401515,194.74706322095935,234.80598562178756]","[2579.6257088846883,2606.686200378072,2545.7221172022682,2615.977315689981,2549.1739130434785,2697.525519848771,2551.257088846881,2580.0359168241966]","[83.0,85.0,86.0,77.0,97.0,78.0,86.0,72.0]","[0.12368202447170905,0.039330446141086384,0.1178602661798621,0.06830484764934407,0.04974427341511394,0.09282259773564486,0.04699895148801919,0.039787164379007534]","[0.0,0.0,0.0,0.0,0.0,0.0,0.0,0.0]","[0.0,0.0,0.0,0.0,0.0,0.0,0.0,0.0]","[3.0,2.0,2.0,2.0,2.0,3.0,2.0,1.0]","[0.5519260604060076,0.5852215954875101,0.5606244026760114,0.5704180750756093,0.5613133738172574,0.5847242711626274,0.5464319847085058,0.568603500761035]","[3.0246431108399534,3.15979371809072,2.709434269885354,3.42112456850714,2.95352963747098,3.028690339011292,2.8194902410199494,3.521960563525323]","[752.0,734.0,748.0,689.0,801.0,643.0,773.0,575.0]","[10005.56899810964,10025.092627599244,9955.746691871456,10024.797731568999,9945.391304347826,10164.563327032136,9945.194706994329,10044.574669187146]","[1142.0,1217.0,1133.0,968.0,1298.0,1027.0,1224.0,1074.0]","[39.91043148688507,39.51155931350051,39.58394967769842,39.82742173494087,39.98753140874754,39.884453240256924,39.83641214546031,39.83677628253263]","[0.5005479452054794,0.5005479452054794,0.5005479452054794,0.5005479452054794,0.5005479452054794,0.5005479452054794,0.5005479452054794,0.5005479452054794]","[1387658.6129547267,1398062.519316679,1358554.806919864,1437559.4403496569,1374427.4046544584,1399560.2396849513,1357107.561329482,1458210.1135557427]","[0.013572628389635218,-0.0021111879373800924,0.007970381730854292,0.005340830678862067,0.00379019692421478,0.0058712507832658955,0.0035454918180196676,-4.860737780919736E-4]","[6657568.0,6682211.0,6613277.0,6686970.0,6609625.0,6804045.0,6610623.0,6678419.0]"
3020,3020,35.69068326469538,0.0,41.46030761165446,45.77469485585564,0.36006621694326035,0.3930430823987088,0.5005479452054794,1,2841,"[2009.6500835056727]","[0.0]","[133.0]","[0.0]","[198.0]","[0.3930430823987088]","[3.21218462371414]","[229.75524297416445]","[1948.8317580340265]","[331.0]","[0.08448591533467824]","[0.0]","[0.0]","[0.0]","[0.36006621694326035]","[3.435241995814039]","[2708.0]","[8945.773156899812]","[4060.0]","[39.65356108220769]","[0.5005479452054794]","[1063104.894174501]","[0.014330630072801418]","[5763246.0]"
3020,3020,100.0,20.739864599052066,25.269971722074093,1.0,0.7630821917808219,0.45952054794520547,0.5005479452054794,2,2776,"[2977.9238756699483,2974.180866500532]","[0.0,0.0]","[2.0,1.0]","[0.0,0.0]","[2.0,4.0]","[0.45952054794520547,0.8649315068493151]","[3.2276236158564546,4.325004836338353]","[195.46311796593207,209.4890963545105]","[3013.812854442344,3016.5897920604916]","[4.0,5.0]","[0.0,0.0]","[0.0,0.0]","[0.0,0.0]","[0.0,0.0]","[0.7630821917808219,0.9491506849315069]","[2.628009615841396,2.9339082475476643]","[29.0,32.0]","[10708.164461247638,10706.979206049149]","[55.0,64.0]","[40.136473733345255,47.760606140649976]","[0.5005479452054794,0.5005479452054794]","[1575321.7302294031,1573341.6783787818]","[0.0,0.0]","[7258926.0,7259768.0]"
3020,3020,100.0,17.147123498772253,23.959003756213335,2.3509569038665483,0.5820719178082192,0.6107705479452055,0.5005479452054794,3,2500,"[2930.354053270604,2711.4643525473243,2810.6402165273817]","[0.0,0.0,0.0]","[2.0,4.0,8.0]","[0.0,0.0,0.0]","[10.0,14.0,9.0]","[0.6107705479452055,0.7189840182648402,0.6693542074363993]","[3.256869565217391,2.8078077076926173,2.527180488744043]","[240.46592374384582,182.71486640180714,213.84270091030712]","[2944.9546313799624,2603.281663516068,2750.1001890359166]","[16.0,24.0,21.0]","[0.0,0.042059371047402504,0.08954300820811562]","[0.0,0.0,0.0]","[0.0,0.0,0.0]","[4.0,6.0,4.0]","[0.5820719178082192,0.6829566210045662,0.6992824527071102]","[3.5737236681058717,2.587202475170631,3.0449383884946455]","[214.0,347.0,309.0]","[10553.975425330813,10124.767485822305,10342.831758034026]","[335.0,489.0,386.0]","[39.9328,37.20710802244469,33.93662470604446]","[0.5005479452054794,0.5005479452054794,0.5005479452054794]","[1550157.2941801473,1434364.6424975356,1486828.674542984]","[0.0,-0.005528604334979246,0.024005800992970037]","[7140934.0,6733138.0,6926161.0]"
3020,3020,66.52223426190545,1.4330055015178906,36.41540059475008,1.0,0.6671203522504892,0.6964456947162426,0.5005479452054794,12,155,"[2952.3223122965596,2955.823056564696,2937.4151974001907,2951.0107155028663,2995.6875180679253,2970.2510679518005,2934.631892994641,2967.071416411104,2972.347635548166,2972.8782839269434,2988.4474822082607,2979.5557194835974]","[0.0,0.0,0.0,0.0,0.0,0.0,0.0,0.0,0.0,0.0,0.0,0.0]","[3.0,1.0,5.0,5.0,1.0,2.0,3.0,2.0,7.0,3.0,0.0,1.0]","[0.0,0.0,0.0,0.0,0.0,0.0,0.0,0.0,0.0,0.0,0.0,0.0]","[3.0,10.0,6.0,3.0,1.0,4.0,7.0,3.0,5.0,2.0,3.0,6.0]","[0.7568036529680365,0.6790286425902864,0.7092901618929016,0.6936301369863014,0.7178082191780822,0.8089041095890411,0.7436986301369863,0.7116712328767123,0.5456849315068493,0.7813150684931507,0.8027397260273973,0.7048923679060665]","[3.045643650320295,3.0475417370569207,2.473349467975417,3.799305965816358,2.9848588731959063,4.370438538438452,2.6538360088707265,2.6950803001318206,3.2567132130401277,2.956152575613504,2.9028833814172743,2.290987626903807]","[138.98569267277642,211.14690871888348,202.54099174449823,193.39787007921657,249.15780690495907,205.8536949338603,199.24000212250544,197.83301403191086,230.6867187547665,165.92314768477473,180.45859669553346,236.41279362895474]","[2865.8563327032134,2891.6030245746692,2952.6767485822306,2935.0207939508505,3016.858223062382,2956.1833648393194,2966.8941398865786,2997.9508506616257,2951.576559546314,2994.3761814744803,3023.975425330813,2964.8468809073725]","[6.0,11.0,11.0,8.0,2.0,6.0,10.0,5.0,12.0,5.0,3.0,7.0]","[0.1619889475762827,0.0,0.23485834755889512,1.9550318501496133E-5,0.0,0.010499619797987858,0.0,0.0,-0.05833333333333333,0.0,0.18713333333333315,0.3329622764188921]","[0.0,0.0,0.0,0.0,0.0,0.0,0.0,0.0,0.0,0.0,0.0,0.0]","[0.0,0.0,0.0,0.0,0.0,0.0,0.0,0.0,0.0,0.0,0.0,0.0]","[0.0,0.0,0.0,0.0,0.0,0.0,0.0,0.0,0.0,0.0,0.0,0.0]","[0.795662100456621,0.6499377334993774,0.7150186799501869,0.7054109589041095,0.7641095890410959,0.8657534246575342,0.675917808219178,0.7060821917808219,0.6092237442922374,0.7375342465753425,0.7959817351598174,0.6641878669275929]","[1.659987256103097,3.112506718521971,2.64319760488971,2.6433209843556864,3.8750142764500892,2.931590079563506,2.7671169080199354,2.552850167150582,3.439783893698767,2.1947795221152004,2.439709861958709,3.6149905461483614]","[59.0,80.0,87.0,56.0,15.0,40.0,69.0,46.0,113.0,33.0,22.0,53.0]","[10557.586011342155,10550.429111531192,10608.788279773156,10593.538752362949,10721.69943289225,10617.546313799621,10644.020793950851,10679.928166351607,10596.778827977316,10684.051039697542,10723.91493383743,10628.693761814744]","[86.0,106.0,121.0,132.0,28.0,67.0,136.0,65.0,184.0,79.0,23.0,71.0]","[38.26087691881672,38.904589801000355,36.31737226103937,43.66797585070826,44.64574871502384,52.083699596654796,35.66768094104821,36.56845016616793,39.93791169617932,37.62933021522572,38.136152811576316,34.51977360858288]","[0.5005479452054794,0.5005479452054794,0.5005479452054794,0.5005479452054794,0.5005479452054794,0.5005479452054794,0.5005479452054794,0.5005479452054794,0.5005479452054794,0.5005479452054794,0.5005479452054794,0.5005479452054794]","[1561778.5032048812,1563630.3969227243,1553892.6394247012,1561084.6685010167,1584718.697057935,1571262.8149465015,1552420.2713941657,1569580.779281472,1572371.8992049803,1572652.612197354,1580888.7180881698,1576184.9756068224]","[0.026108656410185154,0.008346936399797717,0.05978176570949545,0.011622564638153678,0.0025932048920299586,0.0,0.0,0.0,0.0,0.0,0.02994133333333333,0.029211099333087624]","[7101001.0,7110835.0,7174015.0,7156608.0,7267697.0,7180503.0,7200174.0,7235598.0,7167080.0,7235888.0,7272634.0,7190983.0]"
3020,3020,100.0,13.535752937257103,28.489218036498475,1.0,0.9799608610567514,0.9574559686888454,0.5005479452054794,1,2936,"[2959.1100729005493]","[0.0]","[1.0]","[0.0]","[6.0]","[0.9574559686888454]","[4.53562466262956]","[212.36971530140343]","[2898.4328922495274]","[7.0]","[0.0]","[0.0]","[0.0]","[0.0]","[0.9799608610567514]","[3.1413720768083246]","[49.0]","[10564.66540642722]","[75.0]","[50.945507967514644]","[0.5005479452054794]","[1565369.22856439]","[0.0]","[7121979.0]"
3020,3020,44.26524079879657,43.233119803059566,45.66631723159816,15.502259512242558,0.3098839276377706,0.27019972811879117,0.5005479452054794,1,3013,"[1388.0633475810023]","[0.0]","[44.0]","[0.0]","[17.0]","[0.27019972811879117]","[3.2500294481825813]","[242.40304314930725]","[1830.750472589792]","[131.0]","[-0.5816726990189452]","[0.0]","[0.0]","[70.0]","[0.3098839276377706]","[3.700961810974043]","[2744.0]","[8813.202268431001]","[4300.0]","[40.06110798032671]","[0.5005479452054794]","[734285.510870351]","[-0.05183226356281063]","[5630651.0]"
3020,3020,72.19915109825818,40.33851692332883,12.931526769631477,34.28085736699787,0.047752366394261864,0.19306955141395732,0.5005479452054794,1,2914,"[0.13284502133146733]","[0.0]","[29.0]","[0.0]","[108.0]","[0.19306955141395732]","[3.228869565217376]","[248.60000000000005]","[1777.0510396975426]","[233.0]","[-0.6999999999999991]","[0.0]","[0.0]","[96.0]","[0.047752366394261864]","[3.8601910828025443]","[4164.0]","[8857.003780718336]","[6218.0]","[39.775999999999975]","[0.5005479452054794]","[70.27501628434614]","[-0.1119999999999994]","[5625415.0]"
