evolution$generation,evolution$evaluated,goodShepherdPercentage,proportionMediumHerders,proportionBigHerders,retardJours,objective$MSTCattleNEC,objective$totalTrees,evolution$samples,evolution$generated,proportionBigHerders,totalGPSeeno,sheepsTempCamp,MSTCattleNEC,cattlesTempCamp,minTransCattlesLiveWeight,meanTransSheepsLiveWeight,SatisfactionMeanTreesInBaldiol,numberofCamps,proportionMediumHerders,totalGPBaldiol,MSTCaangol,thresholdTreeSatisfaction,SheepNECSatifactionIndex,meanGrass,MSTSheepLeft,maxTransSheepsLiveWeight,meanFruitsConsumedSheep,goodShepherdPercentage,minTimePresence,meanSheepsGrassEaten,totalGPCaangol,sumMediumHerder,meanLeavesConsumedCattle,trajSatisfactionSangre,sumLargeHerder,transCattlesWeightGain,MSTSheepNEC,MSTTempsPasse,sumSmallHerder,MSTBaldiol,SatisfactionMeanTreesInSangre,totalTransCattles,retardJours,MSTSeeno,totalGPSangre,meanCattlesNEC,transSheepsWeightGain,totalCattles,totalTreesOldes,totalSheeps,totalTransSheeps,meanSheepsLiveWeight,MSTTrees,totalGrass,MSTCattleLeft,totalTransFoyers,meanSheepsNEC,maxTransCattlesLiveWeight,meanCattlesLiveWeight,treesKilled,meanTransCattlesNEC,SatisfactionMeanTreesInSeeno,decreasingFactor,CattleNECSatifactionIndex,totalLocalFoyers,sheepsWeightGain,SatisfactionMeanTreesInCaangol,totalTrees,meanTransCattlesLiveWeight,meanTransSheepsNEC,totalTreesYoung,avgUBTpercamp,MSTTransSheepNEC,totalFoyers,MSTTransCattleNEC,minTransSheepsLiveWeight,MSTSangre,cattlesWeightGain,meanCattlesGrassEaten,meanLeavesConsumedSheep,meanFruitsConsumedCattle,trajSatisfactionSeeno,trajSatisfactionCaangol,trajSatisfactionBaldiol
18370,18370,23.28355987707782,43.99236840232496,30.14608720888965,41.780410591913686,0.5912065331928346,4.7695613E7,1,18106,"[30.14608720888965]","[107.0]","[65.0]","[0.5912065331928346]","[83.0]","[0.0]","[0.0]","[40.0]","[80.0]","[43.99236840232496]","[83.0]","[0.0]","[0.5]","[3.0]","[40546.550251278095]","[0.9090909090909091]","[0.0]","[1.382697098979102E-19]","[23.28355987707782]","[40.0]","[0.9252326721240223]","[0.0]","[127.0]","[7.78316989584195E-18]","[1097.0]","[76.0]","[0.0]","[0.3602613277133825]","[0.0]","[57.0]","[1.0]","[50.0]","[0.0]","[41.780410591913686]","[1.0]","[221.0]","[3.9441290202348958]","[0.0]","[3854.0]","[0.0]","[5912.0]","[0.0]","[39.148827465168225]","[0.0]","[2.1449125082926128E7]","[0.9090909090909091]","[0.0]","[2.9203666711151395]","[0.0]","[339.9426052254191]","[143146.0]","[0.0]","[30.0]","[8.0]","[3.0]","[260.0]","[0.0095717476168438]","[70.0]","[4.7695613E7]","[0.0]","[0.0]","[0.0]","[60.0]","[0.0]","[260.0]","[0.0]","[0.0]","[0.30054794520547945]","[0.20130448252175648]","[6.347408148714306]","[1.9544266526151357E-18]","[2.5561982256028054E-20]","[3650.0]","[0.0]","[3650.0]"
18370,18370,7.217620006355507,13.696326773478617,6.5163582994734455,2.8034625783720646,0.24353335318642047,4.7289853E7,2,18133,"[6.5163582994734455,6.5163582994734455]","[104.0,108.0]","[251.0,154.0]","[0.24353335318642047,0.579738721108584]","[298.0,195.0]","[0.0,0.0]","[0.0,0.0]","[40.0,40.0]","[80.0,80.0]","[13.696326773478617,13.696326773478617]","[81.0,83.0]","[0.0,0.0]","[0.5,0.5]","[3.0,3.0]","[4559.865089239067,38362.00514917149]","[0.9090909090909091,0.9090909090909091]","[0.0,0.0]","[6.520075023685401E-9,1.81802600009514E-20]","[7.217620006355507,7.217620006355507]","[40.0,40.0]","[0.8009509993000565,0.9258476806160498]","[0.0,0.0]","[78.0,66.0]","[0.12182072927441809,8.125189011077288E-18]","[1097.0,1462.0]","[36.0,42.0]","[0.0,0.0]","[0.28016478062338696,0.28337758502142063]","[0.0,0.0]","[438.0,410.0]","[1.0,1.0]","[50.0,50.0]","[0.0,0.0]","[2.8034625783720646,2.8034625783720646]","[1.0,1.0]","[252.0,229.0]","[2.3724633749616277,3.9552273318691316]","[0.0,0.0]","[3954.0,3936.0]","[0.0,0.0]","[5287.0,5400.0]","[0.0,0.0]","[34.89452163964973,36.40678485112983]","[0.0,0.0]","[2412168.632207462,2.0293500723911725E7]","[0.9090909090909091,0.9090909090909091]","[0.0,0.0]","[2.3820811642021784,2.600349264627748]","[0.0,0.0]","[263.1506565937141,341.52876186960566]","[1013224.0,402623.0]","[0.0,0.0]","[30.0,30.0]","[8.0,8.0]","[3.0,3.0]","[552.0,518.0]","[-0.00272612021838093,0.008868131573989338]","[70.0,70.0]","[6.7721557E7,4.7289853E7]","[0.0,0.0]","[0.0,0.0]","[0.0,0.0]","[60.0,60.0]","[0.0,0.0]","[552.0,518.0]","[0.0,0.0]","[0.0,0.0]","[0.30054794520547945,0.4005479452054794]","[0.16155605169559836,0.2082978361761247]","[5.960224316218826,6.352192705926244]","[0.040302222047326315,1.6647914696009549E-18]","[2.1179866970447754E-8,2.252699016031281E-19]","[3650.0,3650.0]","[0.0,0.0]","[3650.0,3650.0]"
18370,18370,74.02453421240128,29.124030630006782,25.7230959288704,37.744303199348145,0.03611113800280749,8.7248216E7,1,18259,"[25.7230959288704]","[108.0]","[8.0]","[0.03611113800280749]","[11.0]","[0.0]","[0.0]","[40.0]","[80.0]","[29.124030630006782]","[83.0]","[0.0]","[0.5]","[3.0]","[993.0174837653558]","[0.9090909090909091]","[0.0]","[0.004158655670578867]","[74.02453421240128]","[40.0]","[0.48214723846703345]","[1.0]","[87.0]","[0.4281328878491499]","[1097.0]","[76.0]","[0.0]","[0.2567975216612614]","[0.0]","[120.0]","[1.0]","[50.0]","[0.0]","[37.744303199348145]","[1.0]","[289.0]","[1.516265936146632]","[0.0]","[3910.0]","[0.0]","[5562.0]","[0.0]","[34.540047984936095]","[0.0]","[525306.248911873]","[0.9090909090909091]","[0.0]","[2.319175601214097]","[0.0]","[222.76473392995968]","[256220.0]","[0.0]","[30.0]","[8.0]","[3.0]","[283.0]","[-0.031062318866621707]","[70.0]","[8.7248216E7]","[0.0]","[0.0]","[0.0]","[60.0]","[0.0]","[283.0]","[0.0]","[0.0]","[0.30054794520547945]","[-0.003347849983612838]","[4.544038258288698]","[0.07915783931402813]","[0.006826126835632143]","[3650.0]","[0.0]","[3650.0]"
18370,18370,2.438411031329779,42.527925236280204,45.65089689377429,40.12928875046126,0.04667455680902498,4.64418495E7,30,0,"[45.65089689377429,45.65089689377429,45.65089689377429,45.65089689377429,45.65089689377429,45.65089689377429,45.65089689377429,45.65089689377429,45.65089689377429,45.65089689377429,45.65089689377429,45.65089689377429,45.65089689377429,45.65089689377429,45.65089689377429,45.65089689377429,45.65089689377429,45.65089689377429,45.65089689377429,45.65089689377429,45.65089689377429,45.65089689377429,45.65089689377429,45.65089689377429,45.65089689377429,45.65089689377429,45.65089689377429,45.65089689377429,45.65089689377429,45.65089689377429]","[108.0,106.0,106.0,108.0,107.0,107.0,108.0,108.0,108.0,107.0,108.0,108.0,107.0,107.0,108.0,108.0,107.0,108.0,107.0,107.0,107.0,107.0,107.0,106.0,106.0,108.0,106.0,107.0,108.0,107.0]","[46.0,77.0,55.0,49.0,50.0,18.0,65.0,11.0,75.0,64.0,59.0,27.0,13.0,9.0,63.0,58.0,68.0,19.0,55.0,58.0,68.0,51.0,57.0,62.0,66.0,11.0,47.0,58.0,84.0,13.0]","[0.6746812581311701,0.6622543316444611,0.7873059360730593,0.6564722344969803,0.5766046479929122,0.05393835616438356,0.7498505603985056,0.024883158742949236,0.6669030608900833,0.48517139069503185,0.6543543024338343,0.01639802517210208,0.01357641686811711,0.006114330874604847,0.5154569254185692,0.5600376550022723,0.6480500753752376,0.012251629206011439,0.5461494642614947,0.7373839606330629,0.7228645198307395,0.6163308292826631,0.7621064874644611,0.7282630136986301,0.577314216764852,0.023808504566210045,0.7131768508542403,0.6280020402215097,0.6956471767457401,0.023363339856490542]","[50.0,85.0,65.0,60.0,61.0,28.0,64.0,18.0,73.0,69.0,67.0,36.0,21.0,17.0,73.0,71.0,72.0,24.0,59.0,79.0,74.0,56.0,65.0,78.0,78.0,19.0,52.0,74.0,87.0,19.0]","[0.0,0.0,0.0,0.0,0.0,0.0,0.0,0.0,0.0,0.0,0.0,0.0,0.0,0.0,0.0,0.0,0.0,0.0,0.0,0.0,0.0,0.0,0.0,0.0,0.0,0.0,0.0,0.0,0.0,0.0]","[0.0,0.0,0.0,0.0,0.0,0.0,0.0,0.0,0.0,0.0,0.0,0.0,0.0,0.0,0.0,0.0,0.0,0.0,0.0,0.0,0.0,0.0,0.0,0.0,0.0,0.0,0.0,0.0,0.0,0.0]","[40.0,40.0,40.0,40.0,40.0,40.0,40.0,40.0,40.0,40.0,40.0,40.0,40.0,40.0,40.0,40.0,40.0,40.0,40.0,40.0,40.0,40.0,40.0,40.0,40.0,40.0,40.0,40.0,40.0,40.0]","[80.0,80.0,80.0,80.0,80.0,80.0,80.0,80.0,80.0,80.0,80.0,80.0,80.0,80.0,80.0,80.0,80.0,80.0,80.0,80.0,80.0,80.0,80.0,80.0,80.0,80.0,80.0,80.0,80.0,80.0]","[42.527925236280204,42.527925236280204,42.527925236280204,42.527925236280204,42.527925236280204,42.527925236280204,42.527925236280204,42.527925236280204,42.527925236280204,42.527925236280204,42.527925236280204,42.527925236280204,42.527925236280204,42.527925236280204,42.527925236280204,42.527925236280204,42.527925236280204,42.527925236280204,42.527925236280204,42.527925236280204,42.527925236280204,42.527925236280204,42.527925236280204,42.527925236280204,42.527925236280204,42.527925236280204,42.527925236280204,42.527925236280204,42.527925236280204,42.527925236280204]","[81.0,83.0,81.0,81.0,83.0,83.0,81.0,83.0,80.0,83.0,80.0,83.0,82.0,82.0,83.0,83.0,82.0,83.0,81.0,80.0,81.0,81.0,82.0,81.0,83.0,83.0,81.0,83.0,82.0,82.0]","[0.0,0.0,0.0,0.0,0.0,0.0,0.0,0.0,0.0,0.0,0.0,0.0,0.0,0.0,0.0,0.0,0.0,0.0,0.0,0.0,0.0,0.0,0.0,0.0,0.0,0.0,0.0,0.0,0.0,0.0]","[0.5,0.5,0.5,0.5,0.5,0.5,0.5,0.5,0.5,0.5,0.5,0.5,0.5,0.5,0.5,0.5,0.5,0.5,0.5,0.5,0.5,0.5,0.5,0.5,0.5,0.5,0.5,0.5,0.5,0.5]","[3.0,3.0,3.0,3.0,3.0,3.0,3.0,3.0,3.0,3.0,3.0,3.0,3.0,3.0,3.0,3.0,3.0,3.0,3.0,3.0,3.0,3.0,3.0,3.0,3.0,3.0,3.0,3.0,3.0,3.0]","[43074.070517803826,41440.86954068743,42660.1436481251,41003.75637932998,43474.220109266746,887.8237091193406,41241.403935014394,982.6683146672113,41920.58728207284,41816.30409947636,47032.39749143863,987.884155832506,1170.9671275586336,1597.2680218360042,44150.89703321906,42930.07769642273,42022.36679941861,916.7333218077368,40908.789151669596,41820.48813373636,44841.89733481946,42444.44274948956,41723.68424317482,44237.31182403185,43153.20922519783,752.4696618604258,41642.56511824267,41684.00971225495,42520.41877085682,1416.4250744387618]","[0.9090909090909091,0.9090909090909091,0.9090909090909091,0.9090909090909091,0.9090909090909091,0.9090909090909091,0.9090909090909091,0.9090909090909091,0.9090909090909091,0.9090909090909091,0.9090909090909091,0.9090909090909091,0.9090909090909091,0.9090909090909091,0.9090909090909091,0.9090909090909091,0.9090909090909091,0.9090909090909091,0.9090909090909091,0.9090909090909091,0.9090909090909091,0.9090909090909091,0.9090909090909091,0.9090909090909091,0.9090909090909091,0.9090909090909091,0.9090909090909091,0.9090909090909091,0.9090909090909091,0.9090909090909091]","[0.0,0.0,0.0,0.0,0.0,0.0,0.0,0.0,0.0,0.0,0.0,0.0,0.0,0.0,0.0,0.0,0.0,0.0,0.0,0.0,0.0,0.0,0.0,0.0,0.0,0.0,0.0,0.0,0.0,0.0]","[6.40910554755626E-20,1.2412250668070662E-19,1.0923843676036067E-19,3.4609732776699937E-20,3.383727806329191E-20,1.1947649760581014E-8,5.729684237756078E-20,7.234349618118969E-9,0.0,3.3362318116366975E-20,1.4003382295986615E-19,2.303962749802371E-8,1.0701589625510016E-6,1.0935791529092722E-8,3.60791479032828E-21,3.226741940211997E-20,5.440149815783014E-19,9.059946337181501E-9,1.618424816195717E-20,5.120858907834666E-19,5.473994752857832E-20,5.901265410387673E-20,2.681326860881683E-19,5.847699017799353E-19,5.1357749280685696E-26,1.2059404649533235E-8,2.1029009042820556E-20,7.576923328101592E-19,2.0020265315389386E-20,0.0022017737834100384]","[2.438411031329779,2.438411031329779,2.438411031329779,2.438411031329779,2.438411031329779,2.438411031329779,2.438411031329779,2.438411031329779,2.438411031329779,2.438411031329779,2.438411031329779,2.438411031329779,2.438411031329779,2.438411031329779,2.438411031329779,2.438411031329779,2.438411031329779,2.438411031329779,2.438411031329779,2.438411031329779,2.438411031329779,2.438411031329779,2.438411031329779,2.438411031329779,2.438411031329779,2.438411031329779,2.438411031329779,2.438411031329779,2.438411031329779,2.438411031329779]","[40.0,40.0,40.0,40.0,40.0,40.0,40.0,40.0,40.0,40.0,40.0,40.0,40.0,40.0,40.0,40.0,40.0,40.0,40.0,40.0,40.0,40.0,40.0,40.0,40.0,40.0,40.0,40.0,40.0,40.0]","[0.9269342764374686,0.926420924119675,0.9271531608464098,0.9247176654911572,0.926756425963909,0.6758899414356888,0.9274393363227607,0.6865581119955254,0.9267282288912172,0.9243375364443043,0.9255603959221543,0.6228872282992451,0.5736598051763003,0.5955648336946461,0.926124606456696,0.9255116524513565,0.9259899012283241,0.6021412373996249,0.9273321691348148,0.9269152102403164,0.9258022302911478,0.9249217576076916,0.9250800966632132,0.9263987628806744,0.9248183120192289,0.6574485269235635,0.9241452330505576,0.924951536643038,0.922331718222313,0.6031424990900087]","[0.0,0.0,0.0,0.0,0.0,1.0,0.0,0.0,0.0,0.0,0.0,0.0,0.0,0.0,0.0,0.0,0.0,0.0,0.0,0.0,0.0,0.0,0.0,0.0,0.0,0.0,0.0,0.0,0.0,0.0]","[63.0,95.0,65.0,74.0,78.0,99.0,110.0,75.0,90.0,102.0,98.0,81.0,88.0,83.0,100.0,92.0,93.0,93.0,85.0,91.0,73.0,69.0,89.0,60.0,80.0,81.0,68.0,74.0,90.0,80.0]","[2.0620063514416275E-18,1.1084122703295908E-17,5.113435869213062E-18,4.0848517678745556E-18,2.102863007356743E-17,0.34749481864571335,5.8121215983575446E-18,0.3295643076274502,1.758862198547765E-17,4.6102989095675956E-18,6.326866131819993E-18,0.4375928844611828,0.36635110379698327,0.3613837282036417,1.1235191580604899E-17,9.290023841565226E-18,5.5581319827402E-18,0.3355110869842239,9.174561088590626E-18,1.0663505101376736E-17,0.0,1.2864234700585207E-17,8.571425683327783E-18,6.138321930536288E-18,1.4885463849153804E-17,0.3289317739490023,2.9590679721436745E-18,3.662591421443815E-18,1.677447896467968E-17,0.31339609852208217]","[1462.0,1097.0,732.0,1097.0,1462.0,1097.0,1097.0,1462.0,1097.0,1097.0,1097.0,1181.0,1097.0,1462.0,1462.0,1462.0,1097.0,1462.0,1462.0,1097.0,1097.0,1097.0,732.0,1097.0,1462.0,1407.0,1097.0,1462.0,1097.0,1097.0]","[99.0,100.0,100.0,93.0,100.0,89.0,87.0,98.0,96.0,87.0,89.0,96.0,90.0,97.0,93.0,90.0,92.0,95.0,94.0,94.0,98.0,94.0,90.0,95.0,89.0,95.0,94.0,92.0,88.0,95.0]","[0.0,0.0,0.0,0.0,0.0,0.0,0.0,0.0,0.0,0.0,0.0,0.0,0.0,0.0,0.0,0.0,0.0,0.0,0.0,0.0,0.0,0.0,0.0,0.0,0.0,0.0,0.0,0.0,0.0,0.0]","[0.3064620800489783,0.31667730030649904,0.3397001522070015,0.33383119752540874,0.3366632590472296,0.2868519494204426,0.3693138231631382,0.29722657680755993,0.337327128531166,0.2859289186288745,0.3172975129671499,0.30013211876781865,0.2951625033575074,0.31377107481559535,0.3254258751902588,0.30256833084464063,0.349164318017959,0.2740138316265461,0.30774311677743116,0.3708232477723101,0.3214344115326687,0.31983355427898075,0.3187076764021711,0.3731960861056752,0.30505074881112926,0.3032277397260274,0.3232307218716331,0.32335179248032647,0.348029401937855,0.26796086105675143]","[0.0,0.0,0.0,0.0,0.0,0.0,0.0,0.0,0.0,0.0,0.0,0.0,0.0,0.0,0.0,0.0,0.0,0.0,0.0,0.0,0.0,0.0,0.0,0.0,0.0,0.0,0.0,0.0,0.0,0.0]","[17.0,24.0,15.0,19.0,23.0,20.0,23.0,14.0,23.0,28.0,19.0,20.0,26.0,28.0,32.0,29.0,24.0,18.0,23.0,21.0,20.0,23.0,33.0,20.0,24.0,16.0,16.0,22.0,27.0,35.0]","[1.0,1.0,1.0,1.0,1.0,1.0,1.0,1.0,1.0,1.0,1.0,1.0,1.0,1.0,1.0,1.0,1.0,1.0,1.0,1.0,1.0,1.0,1.0,1.0,1.0,1.0,1.0,1.0,1.0,1.0]","[50.0,50.0,50.0,50.0,50.0,50.0,50.0,50.0,50.0,50.0,50.0,50.0,50.0,50.0,50.0,50.0,50.0,50.0,50.0,50.0,50.0,50.0,50.0,50.0,50.0,50.0,50.0,50.0,50.0,50.0]","[0.0,0.0,0.0,0.0,0.0,0.0,0.0,0.0,0.0,0.0,0.0,0.0,0.0,0.0,0.0,0.0,0.0,0.0,0.0,0.0,0.0,0.0,0.0,0.0,0.0,0.0,0.0,0.0,0.0,0.0]","[40.12928875046126,40.12928875046126,40.12928875046126,40.12928875046126,40.12928875046126,40.12928875046126,40.12928875046126,40.12928875046126,40.12928875046126,40.12928875046126,40.12928875046126,40.12928875046126,40.12928875046126,40.12928875046126,40.12928875046126,40.12928875046126,40.12928875046126,40.12928875046126,40.12928875046126,40.12928875046126,40.12928875046126,40.12928875046126,40.12928875046126,40.12928875046126,40.12928875046126,40.12928875046126,40.12928875046126,40.12928875046126,40.12928875046126,40.12928875046126]","[1.0,1.0,1.0,1.0,1.0,1.0,1.0,1.0,1.0,1.0,1.0,1.0,1.0,1.0,1.0,1.0,1.0,1.0,1.0,1.0,1.0,1.0,1.0,1.0,1.0,1.0,1.0,1.0,1.0,1.0]","[214.0,214.0,189.0,211.0,231.0,280.0,212.0,290.0,210.0,220.0,218.0,269.0,290.0,289.0,233.0,230.0,216.0,293.0,221.0,206.0,214.0,214.0,200.0,216.0,230.0,288.0,213.0,224.0,211.0,291.0]","[4.046131080823935,4.06950463106352,4.034697462000425,4.067119084319333,3.997991998864604,1.55406696106978,4.0122142982459,1.634440320558156,3.974178437582574,4.016744679751595,4.127860261906418,1.689249745526908,1.5836471741225153,1.6072689784673035,4.045334114351407,4.038358156262341,4.062504401470989,1.5794834469073518,4.0087663563504305,4.031383609642867,4.101464282232873,3.9596793347780483,3.9621191247265397,4.098549484906403,4.080733430099907,1.5584854408480997,3.969730173925932,3.9851901613548675,4.0394489387538135,1.5863835307134386]","[0.0,0.0,0.0,0.0,0.0,0.0,0.0,0.0,0.0,0.0,0.0,0.0,0.0,0.0,0.0,0.0,0.0,0.0,0.0,0.0,0.0,0.0,0.0,0.0,0.0,0.0,0.0,0.0,0.0,0.0]","[3832.0,3768.0,3862.0,3889.0,3810.0,3826.0,3810.0,3821.0,3819.0,3855.0,3866.0,3836.0,3845.0,3809.0,3792.0,3823.0,3838.0,3805.0,3826.0,3778.0,3792.0,3865.0,3824.0,3905.0,3900.0,3820.0,3863.0,3880.0,3857.0,3845.0]","[0.0,0.0,0.0,0.0,0.0,0.0,0.0,0.0,0.0,0.0,0.0,0.0,0.0,0.0,0.0,0.0,0.0,0.0,0.0,0.0,0.0,0.0,0.0,0.0,0.0,0.0,0.0,0.0,0.0,0.0]","[6049.0,6449.0,5862.0,5693.0,6187.0,6087.0,6187.0,6118.0,6131.0,5906.0,5837.0,6025.0,5968.0,6193.0,6300.0,6106.0,6012.0,6218.0,6087.0,6387.0,6299.0,5843.0,6099.0,5593.0,5625.0,6124.0,5856.0,5750.0,5893.0,5968.0]","[0.0,0.0,0.0,0.0,0.0,0.0,0.0,0.0,0.0,0.0,0.0,0.0,0.0,0.0,0.0,0.0,0.0,0.0,0.0,0.0,0.0,0.0,0.0,0.0,0.0,0.0,0.0,0.0,0.0,0.0]","[36.52181196143142,35.85507135647553,38.76117739572114,38.539379857511506,37.86980720311112,35.72251894585689,39.05089620200114,39.651137149118696,38.51427502332095,36.23030677253755,36.87346337864375,38.53461648485922,39.026058179072685,39.5793446577292,36.70924119423844,37.40265092279963,36.82651602374327,37.537104689760824,36.72525980662557,37.701342284195384,37.10946200523964,37.17077239652285,37.31456430433584,38.781317070106304,38.134995590676205,37.07616428467667,37.335626696202375,36.26145979071597,37.36598500767256,35.53487100613987]","[0.0,0.0,0.0,0.0,0.0,0.0,0.0,0.0,0.0,0.0,0.0,0.0,0.0,0.0,0.0,0.0,0.0,0.0,0.0,0.0,0.0,0.0,0.0,0.0,0.0,0.0,0.0,0.0,0.0,0.0]","[2.2786183303918194E7,2.192221998702367E7,2.2567215989858188E7,2.1690987124665525E7,2.299786243780208E7,469658.74212413176,2.1816702681622602E7,519831.5384589548,2.2175990672216542E7,2.2120824868622977E7,2.488013827297106E7,522590.71843539533,619441.6104785167,844954.7835512433,2.3355824530572902E7,2.2710011101407625E7,2.2229832036892444E7,484951.9272362933,2.1640749461233187E7,2.2123038222746525E7,2.372136369011951E7,2.2453110214479975E7,2.20718289646395E7,2.3401537954912852E7,2.2828047680129632E7,398056.45112416556,2.2028916947550375E7,2.2050841137782842E7,2.2493301529783282E7,749288.8643781049]","[0.9090909090909091,0.9090909090909091,0.9090909090909091,0.9090909090909091,0.9090909090909091,0.9090909090909091,0.9090909090909091,0.9090909090909091,0.9090909090909091,0.9090909090909091,0.9090909090909091,0.9090909090909091,0.9090909090909091,0.9090909090909091,0.9090909090909091,0.9090909090909091,0.9090909090909091,0.9090909090909091,0.9090909090909091,0.9090909090909091,0.9090909090909091,0.9090909090909091,0.9090909090909091,0.9090909090909091,0.9090909090909091,0.9090909090909091,0.9090909090909091,0.9090909090909091,0.9090909090909091,0.9090909090909091]","[0.0,0.0,0.0,0.0,0.0,0.0,0.0,0.0,0.0,0.0,0.0,0.0,0.0,0.0,0.0,0.0,0.0,0.0,0.0,0.0,0.0,0.0,0.0,0.0,0.0,0.0,0.0,0.0,0.0,0.0]","[2.624011867995723,2.637083489292694,2.7899407135998078,2.7932266675857504,2.76449808185205,2.4788833564831028,2.950674488836254,2.7719898838307575,2.9153335717481825,2.5611410036680224,2.700316309203891,2.8191880214437828,2.877972922852395,3.034038037377778,2.6956681455521085,2.694859088328055,2.6682325948659105,2.620555541240852,2.6661502939039075,2.7692325488381786,2.7496844975726655,2.7991687055785,2.681171432531452,2.9088794627117727,2.6970864415621048,2.671226032414247,2.6442611536329124,2.5533462629148898,2.8492392552035564,2.511689511259634]","[0.0,0.0,0.0,0.0,0.0,0.0,0.0,0.0,0.0,0.0,0.0,0.0,0.0,0.0,0.0,0.0,0.0,0.0,0.0,0.0,0.0,0.0,0.0,0.0,0.0,0.0,0.0,0.0,0.0,0.0]","[345.09604805122467,346.5114121943881,345.11687933311293,346.372448878453,344.13215478303636,225.2751854221318,343.59557027534447,229.45592627347716,341.667450785244,344.57458817645994,349.5743880015133,233.8397951549315,224.92229914566,226.98000180632093,345.6533018950267,346.58155440288385,346.4564269393107,226.85590811284288,342.349325171024,344.5699067252878,347.8947189812181,341.19242160141687,341.9435351675224,348.16095876759005,347.25188982248795,222.32789053510024,342.9597277631895,342.64681413932504,344.2150056359086,225.4686464802266]","[118616.0,131842.0,73079.0,92723.0,177534.0,616647.0,106483.0,662726.0,105359.0,156380.0,128625.0,697140.0,737216.0,857947.0,158040.0,202738.0,139445.0,783930.0,131132.0,104866.0,115913.0,114885.0,106789.0,103381.0,159882.0,650762.0,100019.0,141485.0,104477.0,754832.0]","[0.0,0.0,0.0,0.0,0.0,0.0,0.0,0.0,0.0,0.0,0.0,0.0,0.0,0.0,0.0,0.0,0.0,0.0,0.0,0.0,0.0,0.0,0.0,0.0,0.0,0.0,0.0,0.0,0.0,0.0]","[30.0,30.0,30.0,30.0,30.0,30.0,30.0,30.0,30.0,30.0,30.0,30.0,30.0,30.0,30.0,30.0,30.0,30.0,30.0,30.0,30.0,30.0,30.0,30.0,30.0,30.0,30.0,30.0,30.0,30.0]","[8.0,8.0,8.0,8.0,8.0,8.0,8.0,8.0,8.0,8.0,8.0,8.0,8.0,8.0,8.0,8.0,8.0,8.0,8.0,8.0,8.0,8.0,8.0,8.0,8.0,8.0,8.0,8.0,8.0,8.0]","[3.0,3.0,3.0,3.0,3.0,3.0,3.0,3.0,3.0,3.0,3.0,3.0,3.0,3.0,3.0,3.0,3.0,3.0,3.0,3.0,3.0,3.0,3.0,3.0,3.0,3.0,3.0,3.0,3.0,3.0]","[179.0,219.0,180.0,186.0,201.0,208.0,220.0,187.0,209.0,217.0,206.0,197.0,204.0,208.0,225.0,211.0,209.0,206.0,202.0,206.0,191.0,186.0,212.0,175.0,193.0,192.0,178.0,188.0,205.0,210.0]","[0.011114257269317336,0.008641008616862183,0.008882903521424998,0.00971150846868788,0.008929233018131665,-0.006342234787838488,0.009955727166570002,-0.015617362472800923,0.010408406225040814,0.009232497011951757,0.00924702175508172,-0.01027537277641904,-0.01903894726516404,-0.02252255401884432,0.009258194558616128,0.010193387940727033,0.009983325233737256,-0.028460588565227086,0.008640860583878198,0.009486234999286377,0.010109418535222087,0.008417593616482852,0.009505105474648083,0.009067331451727934,0.008739449878257238,-0.008796237500354603,0.009700572527161166,0.01019978050729144,0.00991337483882794,-0.031983454757760744]","[70.0,70.0,70.0,70.0,70.0,70.0,70.0,70.0,70.0,70.0,70.0,70.0,70.0,70.0,70.0,70.0,70.0,70.0,70.0,70.0,70.0,70.0,70.0,70.0,70.0,70.0,70.0,70.0,70.0,70.0]","[4.685964E7,4.6496573E7,4.6626593E7,4.6452317E7,4.6339949E7,8.8027857E7,4.711004E7,9.4414441E7,4.7001691E7,4.5779189E7,4.6395419E7,9.1788462E7,9.1771493E7,9.554422E7,4.6049044E7,4.6551202E7,4.6546634E7,9.5821208E7,4.6410447E7,4.7025686E7,4.6397745E7,4.7206561E7,4.7238945E7,4.6648789E7,4.6079098E7,8.9953528E7,4.7358131E7,4.7244025E7,4.7279995E7,8.9538056E7]","[0.0,0.0,0.0,0.0,0.0,0.0,0.0,0.0,0.0,0.0,0.0,0.0,0.0,0.0,0.0,0.0,0.0,0.0,0.0,0.0,0.0,0.0,0.0,0.0,0.0,0.0,0.0,0.0,0.0,0.0]","[0.0,0.0,0.0,0.0,0.0,0.0,0.0,0.0,0.0,0.0,0.0,0.0,0.0,0.0,0.0,0.0,0.0,0.0,0.0,0.0,0.0,0.0,0.0,0.0,0.0,0.0,0.0,0.0,0.0,0.0]","[0.0,0.0,0.0,0.0,0.0,0.0,0.0,0.0,0.0,0.0,0.0,0.0,0.0,0.0,0.0,0.0,0.0,0.0,0.0,0.0,0.0,0.0,0.0,0.0,0.0,0.0,0.0,0.0,0.0,0.0]","[60.0,60.0,60.0,60.0,60.0,60.0,60.0,60.0,60.0,60.0,60.0,60.0,60.0,60.0,60.0,60.0,60.0,60.0,60.0,60.0,60.0,60.0,60.0,60.0,60.0,60.0,60.0,60.0,60.0,60.0]","[0.0,0.0,0.0,0.0,0.0,0.0,0.0,0.0,0.0,0.0,0.0,0.0,0.0,0.0,0.0,0.0,0.0,0.0,0.0,0.0,0.0,0.0,0.0,0.0,0.0,0.0,0.0,0.0,0.0,0.0]","[179.0,219.0,180.0,186.0,201.0,208.0,220.0,187.0,209.0,217.0,206.0,197.0,204.0,208.0,225.0,211.0,209.0,206.0,202.0,206.0,191.0,186.0,212.0,175.0,193.0,192.0,178.0,188.0,205.0,210.0]","[0.0,0.0,0.0,0.0,0.0,0.0,0.0,0.0,0.0,0.0,0.0,0.0,0.0,0.0,0.0,0.0,0.0,0.0,0.0,0.0,0.0,0.0,0.0,0.0,0.0,0.0,0.0,0.0,0.0,0.0]","[0.0,0.0,0.0,0.0,0.0,0.0,0.0,0.0,0.0,0.0,0.0,0.0,0.0,0.0,0.0,0.0,0.0,0.0,0.0,0.0,0.0,0.0,0.0,0.0,0.0,0.0,0.0,0.0,0.0,0.0]","[0.4005479452054794,0.30054794520547945,0.20054794520547944,0.30054794520547945,0.4005479452054794,0.30054794520547945,0.30054794520547945,0.4005479452054794,0.30054794520547945,0.30054794520547945,0.30054794520547945,0.3235616438356164,0.30054794520547945,0.4005479452054794,0.4005479452054794,0.4005479452054794,0.30054794520547945,0.4005479452054794,0.4005479452054794,0.30054794520547945,0.30054794520547945,0.30054794520547945,0.20054794520547944,0.30054794520547945,0.4005479452054794,0.3854794520547945,0.30054794520547945,0.4005479452054794,0.30054794520547945,0.30054794520547945]","[0.19418822671294567,0.2111405238634912,0.19816387932576476,0.20150408758509594,0.19710882415845002,0.02340172523907664,0.20503763985601112,-0.018048010533542796,0.20000759911304522,0.20012195372024216,0.19941628684870136,-0.0373304749839909,-0.0030495316179403728,-0.006284966911449647,0.2032214473539915,0.204318014606362,0.21016724272427545,-0.06216046861111643,0.20183009420171819,0.21136939840181396,0.21278111222282783,0.205698438057475,0.20353803760461708,0.20618456230423993,0.21355277817499987,-0.029257356410708445,0.20090075405289776,0.20703598084982872,0.2007004594876486,-0.03900340438190779]","[6.354212621141242,6.354274959779958,6.351805327400234,6.349910729552316,6.35472075607663,4.736634084289533,6.355952643942706,4.4812348386139975,6.3529222424087095,6.346800986078588,6.346415477962211,4.296632191803161,4.297954584681687,4.616847708949054,6.348620129155977,6.35013546605908,6.348328759986684,4.324228028563618,6.357807589734502,6.354211887043134,6.351337321200015,6.348438390768597,6.347383964012478,6.3558252708401675,6.350016058658493,4.611737615882723,6.345371116476602,6.346296244403938,6.351399310887014,4.66408036843572]","[2.520930409684453E-18,3.192446485774615E-18,2.7364582762384324E-18,2.270820064803994E-18,3.4115786804977566E-18,0.07305685938693285,3.178494262182661E-18,0.055263229232901404,1.1589344899039312E-18,3.616600752279912E-18,4.261975889725642E-18,0.07231379269796519,0.08005994444902327,0.05061642608145408,1.474318701671654E-18,1.680368230154978E-18,5.476731239219148E-21,0.05596307494462066,8.432836637576177E-19,2.229653688660135E-18,2.0061343479951924E-18,4.6698214739439935E-18,1.4580256123547766E-18,3.2348850969552373E-19,2.209558787076275E-18,0.07433727577290108,1.5506926521045024E-18,1.180240798455405E-18,2.5268028471471444E-18,0.04896082826230475]","[1.2854823980812755E-19,3.824432201120996E-19,2.0407661927023367E-19,2.3552839835457846E-18,2.068613562560398E-19,0.010227238254339898,1.2788614314982093E-19,3.331415465518084E-8,2.2285252893899086E-18,2.300069772012326E-19,5.096766077714515E-20,1.1104852279823622E-7,0.007202252146007729,6.023902582755969E-8,3.8136812442471523E-25,1.4892966253314433E-25,8.521891459179121E-19,0.0049904728213410665,9.109919739932609E-20,5.476085155142133E-19,0.0,2.292967557942305E-25,3.6067961077766224E-19,1.8194887299824757E-18,1.1271513110046492E-19,7.06902175596218E-4,1.8467474792790769E-19,0.0,1.2771327967052682E-19,0.011000599472118374]","[3650.0,3650.0,3650.0,3650.0,3650.0,3650.0,3650.0,3650.0,3650.0,3650.0,3650.0,3650.0,3650.0,3650.0,3650.0,3650.0,3650.0,3650.0,3650.0,3650.0,3650.0,3650.0,3650.0,3650.0,3650.0,3650.0,3650.0,3650.0,3650.0,3650.0]","[0.0,0.0,0.0,0.0,0.0,0.0,0.0,0.0,0.0,0.0,0.0,0.0,0.0,0.0,0.0,0.0,0.0,0.0,0.0,0.0,0.0,0.0,0.0,0.0,0.0,0.0,0.0,0.0,0.0,0.0]","[3650.0,3650.0,3650.0,3650.0,3650.0,3650.0,3650.0,3650.0,3650.0,3650.0,3650.0,3650.0,3650.0,3650.0,3650.0,3650.0,3650.0,3650.0,3650.0,3650.0,3650.0,3650.0,3650.0,3650.0,3650.0,3650.0,3650.0,3650.0,3650.0,3650.0]"
18370,18370,62.04013000217632,18.481069812732652,2.303876197581267,39.21850407486272,0.044207715520048624,5.777358E7,2,18088,"[2.303876197581267,2.303876197581267]","[108.0,108.0]","[203.0,29.0]","[0.15721061916065945,0.044207715520048624]","[238.0,39.0]","[0.0,0.0]","[0.0,0.0]","[40.0,40.0]","[80.0,80.0]","[18.481069812732652,18.481069812732652]","[83.0,83.0]","[0.0,0.0]","[0.5,0.5]","[3.0,3.0]","[2660.367091236767,753.5938166851261]","[0.9090909090909091,0.9090909090909091]","[0.0,0.0]","[5.7525499115205765E-5,1.609281673978823E-7]","[62.04013000217632,62.04013000217632]","[40.0,40.0]","[0.8119057502278536,0.3113996026394028]","[0.0,0.0]","[122.0,124.0]","[0.1253677829521868,0.30761767383472216]","[1462.0,1462.0]","[20.0,12.0]","[0.0,0.0]","[0.2796746303112137,0.27046653496298545]","[0.0,0.0]","[487.0,495.0]","[1.0,1.0]","[50.0,50.0]","[0.0,0.0]","[39.21850407486272,39.21850407486272]","[1.0,1.0]","[274.0,290.0]","[2.0174289146586544,1.5448664788900144]","[0.0,0.0]","[3964.0,3999.0]","[0.0,0.0]","[5225.0,5006.0]","[0.0,0.0]","[33.869531135042365,36.874116030745455]","[0.0,0.0]","[1407334.1912642478,398651.12902643124]","[0.9090909090909091,0.9090909090909091]","[0.0,0.0]","[2.221189301622279,2.569043621872809]","[0.0,0.0]","[247.17257782336065,224.553388192515]","[475836.0,964984.0]","[0.0,0.0]","[30.0,30.0]","[8.0,8.0]","[3.0,3.0]","[629.0,631.0]","[-0.005787015197861097,-0.0511698034141641]","[70.0,70.0]","[5.777358E7,9.6663914E7]","[0.0,0.0]","[0.0,0.0]","[0.0,0.0]","[60.0,60.0]","[0.0,0.0]","[629.0,631.0]","[0.0,0.0]","[0.0,0.0]","[0.4005479452054794,0.4005479452054794]","[0.16724543346898274,-0.1446773646832468]","[5.99903215914489,3.7465073998445972]","[0.024488573505447853,0.1000509549982251]","[0.0010433103377668275,8.412944231570855E-5]","[3650.0,3650.0]","[0.0,0.0]","[3650.0,3650.0]"
18370,18370,25.330601311032087,48.4525476476249,33.95211885953074,24.83923059307456,0.6588077548177386,4.7623683E7,1,18214,"[33.95211885953074]","[107.0]","[67.0]","[0.6588077548177386]","[83.0]","[0.0]","[0.0]","[40.0]","[80.0]","[48.4525476476249]","[82.0]","[0.0]","[0.5]","[3.0]","[42878.29405884255]","[0.9090909090909091]","[0.0]","[1.1604380883493368E-26]","[25.330601311032087]","[40.0]","[0.9254869514807363]","[0.0]","[123.0]","[5.1882953662018144E-18]","[1462.0]","[82.0]","[0.0]","[0.3647573717204551]","[0.0]","[31.0]","[1.0]","[50.0]","[0.0]","[24.83923059307456]","[1.0]","[229.0]","[3.9923034944801787]","[0.0]","[3819.0]","[0.0]","[6131.0]","[0.0]","[38.26151012672542]","[0.0]","[2.26826175571277E7]","[0.9090909090909091]","[0.0]","[2.734024162454457]","[0.0]","[342.21267201042514]","[143902.0]","[0.0]","[30.0]","[8.0]","[3.0]","[236.0]","[0.010323870182746565]","[70.0]","[4.7623683E7]","[0.0]","[0.0]","[0.0]","[60.0]","[0.0]","[236.0]","[0.0]","[0.0]","[0.4005479452054794]","[0.20415991995806684]","[6.347738033003562]","[2.6073657526476093E-18]","[1.918689601015773E-18]","[3650.0]","[0.0]","[3650.0]"
18370,18370,69.17592368477221,49.65708278546773,39.22284977817897,39.97029055536076,0.49998725708824465,4.7634854E7,1,18077,"[39.22284977817897]","[107.0]","[68.0]","[0.49998725708824465]","[75.0]","[0.0]","[0.0]","[40.0]","[80.0]","[49.65708278546773]","[83.0]","[0.0]","[0.5]","[3.0]","[42302.87344158227]","[0.9090909090909091]","[0.0]","[1.3119907336968095E-30]","[69.17592368477221]","[40.0]","[0.9252684263916966]","[1.0]","[99.0]","[0.0]","[1097.0]","[88.0]","[0.0]","[0.3115132207709462]","[0.0]","[28.0]","[1.0]","[50.0]","[0.0]","[39.97029055536076]","[1.0]","[235.0]","[3.9592990711320177]","[0.0]","[3846.0]","[0.0]","[5962.0]","[0.0]","[36.44960136211071]","[0.0]","[2.2378220050596997E7]","[0.9090909090909091]","[0.0]","[2.564748675629572]","[0.0]","[341.0650627772561]","[82614.0]","[0.0]","[30.0]","[8.0]","[3.0]","[215.0]","[0.009369329201278781]","[70.0]","[4.7634854E7]","[0.0]","[0.0]","[0.0]","[60.0]","[0.0]","[215.0]","[0.0]","[0.0]","[0.30054794520547945]","[0.19786276072486955]","[6.347053172159981]","[5.958912174399796E-19]","[0.0]","[3650.0]","[0.0]","[3650.0]"
18370,18370,25.69944161013815,8.547308888154303,14.989695209940813,40.99142362540333,0.5861736870809406,4.6560454E7,1,18192,"[14.989695209940813]","[108.0]","[99.0]","[0.5861736870809406]","[110.0]","[0.0]","[0.0]","[40.0]","[80.0]","[8.547308888154303]","[83.0]","[0.0]","[0.5]","[3.0]","[44047.13328435817]","[0.9090909090909091]","[0.0]","[8.246802150281582E-30]","[25.69944161013815]","[40.0]","[0.92571638066433]","[0.0]","[51.0]","[1.4441522496567475E-17]","[1462.0]","[56.0]","[0.0]","[0.31780308620191844]","[0.0]","[320.0]","[1.0]","[50.0]","[0.0]","[40.99142362540333]","[1.0]","[226.0]","[4.079558341626628]","[0.0]","[3990.0]","[0.0]","[5062.0]","[0.0]","[37.269839373883045]","[0.0]","[2.3300933507425476E7]","[0.9090909090909091]","[0.0]","[2.7009757039429703]","[0.0]","[347.5235129333859]","[244144.0]","[0.0]","[30.0]","[8.0]","[3.0]","[427.0]","[0.009744384263478659]","[70.0]","[4.6560454E7]","[0.0]","[0.0]","[0.0]","[60.0]","[0.0]","[427.0]","[0.0]","[0.0]","[0.4005479452054794]","[0.19399343142630288]","[6.3494075792545726]","[8.772892057108907E-19]","[5.3331895647249235E-19]","[3650.0]","[0.0]","[3650.0]"
18370,18370,64.01375227449284,24.813841490463684,48.0914763430935,38.70458088057431,0.8157444758036759,4.7101119E7,1,18241,"[48.0914763430935]","[106.0]","[74.0]","[0.8157444758036759]","[85.0]","[0.0]","[0.0]","[40.0]","[80.0]","[24.813841490463684]","[80.0]","[0.0]","[0.5]","[3.0]","[40375.88727216604]","[0.9090909090909091]","[0.0]","[6.262028377248737E-20]","[64.01375227449284]","[40.0]","[0.9266673448329865]","[0.0]","[50.0]","[4.1870242453776235E-18]","[367.0]","[95.0]","[0.0]","[0.4541598402973773]","[0.0]","[54.0]","[1.0]","[50.0]","[0.0]","[38.70458088057431]","[1.0]","[191.0]","[3.9945733841078788]","[0.0]","[3868.0]","[0.0]","[5825.0]","[0.0]","[40.03235025547564]","[0.0]","[2.1358844366975863E7]","[0.9090909090909091]","[0.0]","[3.024489137857795]","[0.0]","[342.568484186016]","[53076.0]","[0.0]","[30.0]","[8.0]","[3.0]","[199.0]","[0.012189278234540737]","[70.0]","[4.7101119E7]","[0.0]","[0.0]","[0.0]","[60.0]","[0.0]","[199.0]","[0.0]","[0.0]","[0.10054794520547945]","[0.22772881111731003]","[6.353259947182422]","[2.4218285613126273E-18]","[2.037583717651288E-19]","[3650.0]","[0.0]","[3650.0]"
18370,18370,3.150548175730039,27.12502992120751,48.525297418709826,28.29698241899207,0.7238528293767482,4.7611954E7,1,18258,"[48.525297418709826]","[107.0]","[56.0]","[0.7238528293767482]","[71.0]","[0.0]","[0.0]","[40.0]","[80.0]","[27.12502992120751]","[80.0]","[0.0]","[0.5]","[3.0]","[41491.69612226822]","[0.9090909090909091]","[0.0]","[3.4998354770451307E-20]","[3.150548175730039]","[40.0]","[0.9265781743089044]","[0.0]","[46.0]","[1.2808908367847429E-17]","[1097.0]","[98.0]","[0.0]","[0.3447421645270028]","[0.0]","[47.0]","[1.0]","[50.0]","[0.0]","[28.29698241899207]","[1.0]","[209.0]","[3.9652898099238865]","[0.0]","[3884.0]","[0.0]","[5724.0]","[0.0]","[37.87623800769751]","[0.0]","[2.194910724867988E7]","[0.9090909090909091]","[0.0]","[2.7436209552964446]","[0.0]","[342.1924870990616]","[105717.0]","[0.0]","[30.0]","[8.0]","[3.0]","[191.0]","[0.009897947697055787]","[70.0]","[4.7611954E7]","[0.0]","[0.0]","[0.0]","[60.0]","[0.0]","[191.0]","[0.0]","[0.0]","[0.30054794520547945]","[0.2125745474361393]","[6.356727774318537]","[3.0844887794345414E-18]","[2.2828585209355627E-19]","[3650.0]","[0.0]","[3650.0]"
18370,18370,74.28226367234572,40.84287201751325,35.49388691738422,22.9917508991505,0.4480654297439454,4.6953795E7,1,18357,"[35.49388691738422]","[108.0]","[47.0]","[0.4480654297439454]","[52.0]","[0.0]","[0.0]","[40.0]","[80.0]","[40.84287201751325]","[82.0]","[0.0]","[0.5]","[3.0]","[41395.67881655001]","[0.9090909090909091]","[0.0]","[9.470620106426825E-30]","[74.28226367234572]","[40.0]","[0.9247942926299303]","[1.0]","[109.0]","[1.1902431940865596E-17]","[1462.0]","[82.0]","[0.0]","[0.30195595630310385]","[0.0]","[46.0]","[1.0]","[50.0]","[0.0]","[22.9917508991505]","[1.0]","[247.0]","[4.021534906275695]","[0.0]","[3788.0]","[0.0]","[6325.0]","[0.0]","[35.96410285927283]","[0.0]","[2.1898314093954954E7]","[0.9090909090909091]","[0.0]","[2.4787008599788862]","[0.0]","[345.86783584778067]","[93872.0]","[0.0]","[30.0]","[8.0]","[3.0]","[237.0]","[0.010587355247097922]","[70.0]","[4.6953795E7]","[0.0]","[0.0]","[0.0]","[60.0]","[0.0]","[237.0]","[0.0]","[0.0]","[0.4005479452054794]","[0.2036633592977304]","[6.34870866834114]","[2.1234562070577897E-18]","[1.9232064891942285E-19]","[3650.0]","[0.0]","[3650.0]"
18370,18370,53.274376233748,6.121642561275975,22.11698360859441,36.63188044396163,0.007172939663962406,5.0227068E7,2,17738,"[22.11698360859441,22.11698360859441]","[108.0,108.0]","[94.0,8.0]","[0.08112352453515455,0.007172939663962406]","[130.0,9.0]","[0.0,0.0]","[0.0,0.0]","[40.0,40.0]","[80.0,80.0]","[6.121642561275975,6.121642561275975]","[83.0,83.0]","[0.0,0.0]","[0.5,0.5]","[3.0,3.0]","[39676.00134228828,1239.3140929094623]","[0.9090909090909091,0.9090909090909091]","[0.0,0.0]","[1.1353446258238356E-30,9.759224125898263E-8]","[53.274376233748,53.274376233748]","[40.0,40.0]","[0.926829120340518,0.6258364970336563]","[1.0,0.0]","[24.0,20.0]","[2.7126793337999513E-18,0.2752461169759907]","[1097.0,1462.0]","[80.0,77.0]","[0.0,0.0]","[0.26206229521140106,0.29971272775635055]","[0.0,0.0]","[243.0,212.0]","[1.0,1.0]","[50.0,50.0]","[0.0,0.0]","[36.63188044396163,36.63188044396163]","[1.0,1.0]","[273.0,296.0]","[2.9888486262976226,1.559958767233404]","[0.0,0.0]","[3933.0,3950.0]","[0.0,0.0]","[5418.0,5312.0]","[0.0,0.0]","[34.900375767987455,37.98122673306219]","[0.0,0.0]","[2.09886047100705E7,655597.1551491054]","[0.9090909090909091,0.9090909090909091]","[0.0,0.0]","[2.2762665920003093,2.8014929925582286]","[0.0,0.0]","[293.85114956492043,223.5654756924606]","[384712.0,610503.0]","[0.0,0.0]","[30.0,30.0]","[8.0,8.0]","[3.0,3.0]","[347.0,309.0]","[0.007343259300715676,-0.02127646455548002]","[70.0,70.0]","[5.0227068E7,9.5754009E7]","[0.0,0.0]","[0.0,0.0]","[0.0,0.0]","[60.0,60.0]","[0.0,0.0]","[347.0,309.0]","[0.0,0.0]","[0.0,0.0]","[0.30054794520547945,0.4005479452054794]","[0.2032589270439037,0.044110717627831926]","[6.352916048565232,5.091560312813372]","[1.6392932600260845E-19,0.05442401358772476]","[4.1567699021903366E-19,0.0016116649761146729]","[3650.0,3650.0]","[0.0,0.0]","[3650.0,3650.0]"
18370,18370,18.237341977951395,14.517339531968155,0.15493234077756934,25.448682222359913,0.21454159385158877,7.5900994E7,1,18167,"[0.15493234077756934]","[104.0]","[301.0]","[0.21454159385158877]","[329.0]","[0.0]","[0.0]","[40.0]","[80.0]","[14.517339531968155]","[82.0]","[0.0]","[0.5]","[3.0]","[5594.743964300186]","[0.9090909090909091]","[0.0]","[6.888041757912765E-4]","[18.237341977951395]","[40.0]","[0.6395476679881728]","[0.0]","[106.0]","[0.13212570962069828]","[1097.0]","[0.0]","[0.0]","[0.3134442001616025]","[0.0]","[623.0]","[1.0]","[50.0]","[0.0]","[25.448682222359913]","[1.0]","[239.0]","[2.4636627116606475]","[0.0]","[4036.0]","[0.0]","[4775.0]","[0.0]","[37.21468982225093]","[0.0]","[2959619.5571147962]","[0.9090909090909091]","[0.0]","[2.6802079110636563]","[0.0]","[269.79631837572765]","[1408779.0]","[0.0]","[30.0]","[8.0]","[3.0]","[729.0]","[-0.022094018018474305]","[70.0]","[7.5900994E7]","[0.0]","[0.0]","[0.0]","[60.0]","[0.0]","[729.0]","[0.0]","[0.0]","[0.30054794520547945]","[0.10074165070254297]","[5.516429597402]","[0.04852039894158322]","[8.6706568094476E-4]","[3650.0]","[0.0]","[3650.0]"
18370,18370,98.28069735368932,45.23341260139606,13.870065791932728,37.603890953278956,0.05504983016684708,5.7221588E7,1,18149,"[13.870065791932728]","[107.0]","[34.0]","[0.05504983016684708]","[47.0]","[0.0]","[0.0]","[40.0]","[80.0]","[45.23341260139606]","[79.0]","[0.0]","[0.5]","[3.0]","[1342.1293046695664]","[0.9090909090909091]","[0.0]","[1.3347492790078468E-10]","[98.28069735368932]","[40.0]","[0.5117776986120258]","[0.0]","[158.0]","[0.056012355213560114]","[732.0]","[55.0]","[0.0]","[0.2362308237841066]","[0.0]","[154.0]","[1.0]","[50.0]","[0.0]","[37.603890953278956]","[1.0]","[211.0]","[1.5643726323691811]","[0.0]","[3836.0]","[0.0]","[6025.0]","[0.0]","[33.53369829753922]","[0.0]","[709986.402170201]","[0.9090909090909091]","[0.0]","[2.1653321238084966]","[0.0]","[224.12835930247502]","[44456.0]","[0.0]","[30.0]","[8.0]","[3.0]","[367.0]","[-0.05405766135340689]","[70.0]","[5.7221588E7]","[0.0]","[0.0]","[0.0]","[60.0]","[0.0]","[367.0]","[0.0]","[0.0]","[0.20054794520547944]","[-0.10864802950410407]","[4.683266439299586]","[0.01441620658697228]","[0.0012529406145201062]","[3650.0]","[0.0]","[3650.0]"
18370,18370,73.8592652632925,32.0010910389602,2.6113717241909584,10.560789750307526,0.0029928941129413553,5.352265275E7,4,17783,"[2.6113717241909584,2.6113717241909584,2.6113717241909584,2.6113717241909584]","[108.0,107.0,108.0,105.0]","[196.0,24.0,38.0,150.0]","[0.15636620679569052,0.001957632608017657,0.0060986786277124495,0.5866501037084311]","[213.0,33.0,44.0,187.0]","[0.0,0.0,0.0,0.0]","[0.0,0.0,0.0,0.0]","[40.0,40.0,40.0,40.0]","[80.0,80.0,80.0,80.0]","[32.0010910389602,32.0010910389602,32.0010910389602,32.0010910389602]","[83.0,83.0,82.0,81.0]","[0.0,0.0,0.0,0.0]","[0.5,0.5,0.5,0.5]","[3.0,3.0,3.0,3.0]","[3824.254929963289,1175.0027207169692,386.02253103972964,45051.919812696004]","[0.9090909090909091,0.9090909090909091,0.9090909090909091,0.9090909090909091]","[0.0,0.0,0.0,0.0]","[6.201132230274918E-8,2.1627690930454192E-7,0.0012086744630053507,8.043390920129168E-20]","[73.8592652632925,73.8592652632925,73.8592652632925,73.8592652632925]","[40.0,40.0,40.0,40.0]","[0.659337830836803,0.31859416525008605,0.3883070371351328,0.9260170646556728]","[0.0,0.0,1.0,0.0]","[183.0,194.0,164.0,197.0]","[0.20021339008884087,0.3555779510862943,0.24205518112092791,1.4927935011493782E-17]","[1462.0,1462.0,1097.0,1097.0]","[16.0,17.0,23.0,11.0]","[0.0,0.0,0.0,0.0]","[0.3036630429483742,0.24030036225799487,0.2264778761061947,0.3718856700020514]","[0.0,0.0,0.0,0.0]","[363.0,360.0,378.0,393.0]","[1.0,1.0,1.0,1.0]","[50.0,50.0,50.0,50.0]","[0.0,0.0,0.0,0.0]","[10.560789750307526,10.560789750307526,10.560789750307526,10.560789750307526]","[1.0,1.0,1.0,1.0]","[254.0,295.0,274.0,217.0]","[2.0526716624604746,1.5565553059906265,1.539843436200484,4.090847627339442]","[0.0,0.0,0.0,0.0]","[3897.0,3880.0,3884.0,3892.0]","[0.0,0.0,0.0,0.0]","[5643.0,5749.0,5725.0,5675.0]","[0.0,0.0,0.0,0.0]","[37.107687329482175,37.10504832580356,35.237684962901334,39.25027454786159]","[0.0,0.0,0.0,0.0]","[2023030.8579505784,621576.4392592766,204205.91892001708,2.3832465580916177E7]","[0.9090909090909091,0.9090909090909091,0.9090909090909091,0.9090909090909091]","[0.0,0.0,0.0,0.0]","[2.532183481402843,2.532380601850129,2.3590922447189393,2.828583659956342]","[0.0,0.0,0.0,0.0]","[250.60979377466327,224.46225415096626,223.21584558994562,347.30194156731517]","[388758.0,721890.0,575314.0,151206.0]","[0.0,0.0,0.0,0.0]","[30.0,30.0,30.0,30.0]","[8.0,8.0,8.0,8.0]","[3.0,3.0,3.0,3.0]","[562.0,571.0,565.0,601.0]","[-0.014604175014018365,-0.053011047552669305,-0.04707247567104425,0.010013594914403075]","[70.0,70.0,70.0,70.0]","[7.5805806E7,9.7046563E7,8.6539187E7,4.6094935E7]","[0.0,0.0,0.0,0.0]","[0.0,0.0,0.0,0.0]","[0.0,0.0,0.0,0.0]","[60.0,60.0,60.0,60.0]","[0.0,0.0,0.0,0.0]","[562.0,571.0,565.0,601.0]","[0.0,0.0,0.0,0.0]","[0.0,0.0,0.0,0.0]","[0.4005479452054794,0.4005479452054794,0.30054794520547945,0.30054794520547945]","[0.10912967611809056,-0.01648896720826229,-0.06816151209869409,0.19985251699840198]","[5.4101189325643135,4.4088820676329785,4.258153854355615,6.352612928637074]","[0.048668130005874145,0.10337156701084843,0.0739909275397388,1.706696205305905E-18]","[3.663152564731853E-7,9.142231145256579E-7,0.001922896719816323,7.359994894326972E-20]","[3650.0,3650.0,3650.0,3650.0]","[0.0,0.0,0.0,0.0]","[3650.0,3650.0,3650.0,3650.0]"
18370,18370,58.47138530014144,32.702515870745344,36.124004087209194,43.47168848247736,0.6694725679463984,4.643022E7,12,16103,"[36.124004087209194,36.124004087209194,36.124004087209194,36.124004087209194,36.124004087209194,36.124004087209194,36.124004087209194,36.124004087209194,36.124004087209194,36.124004087209194,36.124004087209194,36.124004087209194]","[107.0,105.0,108.0,108.0,108.0,107.0,108.0,107.0,108.0,107.0,106.0,106.0]","[66.0,77.0,72.0,9.0,73.0,77.0,75.0,67.0,17.0,100.0,42.0,105.0]","[0.7234299488506085,0.7623851034809939,0.7267349503581753,0.013237958462218294,0.7763964544721998,0.7364250457545338,0.6622349841938883,0.7069033886085075,0.02591780821917808,0.7515885992045956,0.791968794151975,0.6911853192039287]","[71.0,85.0,93.0,15.0,84.0,85.0,90.0,68.0,34.0,105.0,59.0,118.0]","[0.0,0.0,0.0,0.0,0.0,0.0,0.0,0.0,0.0,0.0,0.0,0.0]","[0.0,0.0,0.0,0.0,0.0,0.0,0.0,0.0,0.0,0.0,0.0,0.0]","[40.0,40.0,40.0,40.0,40.0,40.0,40.0,40.0,40.0,40.0,40.0,40.0]","[80.0,80.0,80.0,80.0,80.0,80.0,80.0,80.0,80.0,80.0,80.0,80.0]","[32.702515870745344,32.702515870745344,32.702515870745344,32.702515870745344,32.702515870745344,32.702515870745344,32.702515870745344,32.702515870745344,32.702515870745344,32.702515870745344,32.702515870745344,32.702515870745344]","[81.0,80.0,80.0,82.0,81.0,80.0,83.0,79.0,83.0,83.0,81.0,79.0]","[0.0,0.0,0.0,0.0,0.0,0.0,0.0,0.0,0.0,0.0,0.0,0.0]","[0.5,0.5,0.5,0.5,0.5,0.5,0.5,0.5,0.5,0.5,0.5,0.5]","[3.0,3.0,3.0,3.0,3.0,3.0,3.0,3.0,3.0,3.0,3.0,3.0]","[40340.752358681595,43579.262477246244,42206.837373517796,904.376064040944,38972.26194138399,41367.03443938943,42472.36587941539,48039.77918893455,658.3344506286801,45313.19272934546,43226.193858643295,41158.98534677156]","[0.9090909090909091,0.9090909090909091,0.9090909090909091,0.9090909090909091,0.9090909090909091,0.9090909090909091,0.9090909090909091,0.9090909090909091,0.9090909090909091,0.9090909090909091,0.9090909090909091,0.9090909090909091]","[0.0,0.0,0.0,0.0,0.0,0.0,0.0,0.0,0.0,0.0,0.0,0.0]","[3.742562128089995E-30,7.275455670270042E-30,5.601503902269695E-19,0.0025140883407281933,0.0,1.721447784429043E-19,8.484260545035955E-21,5.063481720539941E-26,4.0940034252391014E-4,6.375408000734636E-20,4.216220091615138E-21,1.633200552993301E-20]","[58.47138530014144,58.47138530014144,58.47138530014144,58.47138530014144,58.47138530014144,58.47138530014144,58.47138530014144,58.47138530014144,58.47138530014144,58.47138530014144,58.47138530014144,58.47138530014144]","[40.0,40.0,40.0,40.0,40.0,40.0,40.0,40.0,40.0,40.0,40.0,40.0]","[0.9268156095647396,0.9257788632362564,0.9205288248161484,0.5306311723754663,0.9262937016057601,0.9257204195864555,0.9258398107246141,0.9257208270288619,0.6516187827703497,0.9262980981197383,0.9247126742334472,0.9248819982852278]","[0.0,0.0,0.0,1.0,0.0,0.0,0.0,0.0,1.0,0.0,0.0,0.0]","[80.0,72.0,51.0,88.0,83.0,91.0,98.0,80.0,62.0,88.0,81.0,108.0]","[0.04056937475938619,7.438207803563544E-18,1.5109070573043095E-17,0.3978729998098931,0.0,1.1038780722726094E-17,1.284880612641472E-17,8.676701353510309E-18,0.30473293890375264,7.456078080388279E-18,3.654085504185258E-18,6.086865048734969E-18]","[732.0,732.0,732.0,1462.0,1097.0,1097.0,1097.0,732.0,1462.0,1097.0,732.0,1097.0]","[85.0,89.0,91.0,86.0,83.0,82.0,79.0,84.0,92.0,88.0,84.0,81.0]","[0.0,0.0,0.0,0.0,0.0,0.0,0.0,0.0,0.0,0.0,0.0,0.0]","[0.388909400905403,0.3935847713929906,0.3951715470654769,0.2491979673000442,0.37976363147998926,0.39437635183850034,0.3215279241306639,0.39898221581350635,0.2665018679950187,0.37043526292532036,0.3758265249708213,0.3762140087878004]","[0.0,0.0,0.0,0.0,0.0,0.0,0.0,0.0,0.0,0.0,0.0,0.0]","[68.0,70.0,76.0,74.0,89.0,74.0,83.0,64.0,66.0,72.0,58.0,76.0]","[1.0,1.0,1.0,1.0,1.0,1.0,1.0,1.0,1.0,1.0,1.0,1.0]","[50.0,50.0,50.0,50.0,50.0,50.0,50.0,50.0,50.0,50.0,50.0,50.0]","[0.0,0.0,0.0,0.0,0.0,0.0,0.0,0.0,0.0,0.0,0.0,0.0]","[43.47168848247736,43.47168848247736,43.47168848247736,43.47168848247736,43.47168848247736,43.47168848247736,43.47168848247736,43.47168848247736,43.47168848247736,43.47168848247736,43.47168848247736,43.47168848247736]","[1.0,1.0,1.0,1.0,1.0,1.0,1.0,1.0,1.0,1.0,1.0,1.0]","[208.0,203.0,208.0,290.0,204.0,212.0,217.0,203.0,291.0,217.0,206.0,206.0]","[4.036223006285021,4.06355744091628,4.0222400737676764,1.545187259913757,4.0259819112506605,4.022168908454365,4.123172235390069,4.10244364487563,1.5554473489594496,4.111020859432961,4.067336229328993,3.970619005470674]","[0.0,0.0,0.0,0.0,0.0,0.0,0.0,0.0,0.0,0.0,0.0,0.0]","[3863.0,3821.0,3866.0,3882.0,3842.0,3864.0,3871.0,3871.0,3886.0,3811.0,3889.0,3830.0]","[0.0,0.0,0.0,0.0,0.0,0.0,0.0,0.0,0.0,0.0,0.0,0.0]","[5856.0,6118.0,5837.0,5737.0,5987.0,5849.0,5806.0,5806.0,5712.0,6181.0,5693.0,6062.0]","[0.0,0.0,0.0,0.0,0.0,0.0,0.0,0.0,0.0,0.0,0.0,0.0]","[38.698476182812946,39.52852445110304,39.50562572305025,34.84203996401403,37.44771563932376,39.25890853220347,36.72373475674543,37.77462406865327,37.040209305915894,38.63176155765553,36.61823443138521,38.17518721619729]","[0.0,0.0,0.0,0.0,0.0,0.0,0.0,0.0,0.0,0.0,0.0,0.0]","[2.1340257997742582E7,2.3053429850463264E7,2.2327416970590945E7,478414.9378776591,2.0616326566992123E7,2.188316121843701E7,2.2467881550210718E7,2.5413043190946363E7,348258.9243825718,2.397067895382376E7,2.286665655122233E7,2.177310324844216E7]","[0.9090909090909091,0.9090909090909091,0.9090909090909091,0.9090909090909091,0.9090909090909091,0.9090909090909091,0.9090909090909091,0.9090909090909091,0.9090909090909091,0.9090909090909091,0.9090909090909091,0.9090909090909091]","[0.0,0.0,0.0,0.0,0.0,0.0,0.0,0.0,0.0,0.0,0.0,0.0]","[2.913717362128797,2.8048592877600376,2.8921206551543066,2.376231539325537,2.6739022844382245,2.9219203755467875,2.677077468739502,2.859517362376876,2.570092726754239,2.831754717584921,2.6365924234567575,2.7644252505022515]","[0.0,0.0,0.0,0.0,0.0,0.0,0.0,0.0,0.0,0.0,0.0,0.0]","[345.8553647927469,346.4468289301278,344.31484235515325,222.7469655029148,344.3938836534046,344.36004290455514,349.45911914982236,348.1908643365348,224.65310135622124,348.25739458945407,346.72418606287096,342.0386768037432]","[66354.0,64133.0,63245.0,312315.0,71209.0,77269.0,86954.0,72417.0,371327.0,75412.0,60105.0,90834.0]","[0.0,0.0,0.0,0.0,0.0,0.0,0.0,0.0,0.0,0.0,0.0,0.0]","[30.0,30.0,30.0,30.0,30.0,30.0,30.0,30.0,30.0,30.0,30.0,30.0]","[8.0,8.0,8.0,8.0,8.0,8.0,8.0,8.0,8.0,8.0,8.0,8.0]","[3.0,3.0,3.0,3.0,3.0,3.0,3.0,3.0,3.0,3.0,3.0,3.0]","[233.0,231.0,218.0,248.0,255.0,247.0,260.0,228.0,220.0,248.0,223.0,265.0]","[0.009661303357439626,0.008997767156348833,0.010463599692870047,-0.03405201659776986,0.008434564347913377,0.01136496272428776,0.009647791434541062,0.009772971354884247,-0.013716471590952286,0.00980127396840759,0.00820317155053678,0.008909891241676635]","[70.0,70.0,70.0,70.0,70.0,70.0,70.0,70.0,70.0,70.0,70.0,70.0]","[4.7794296E7,4.6418561E7,4.6675181E7,9.2268978E7,4.6766088E7,4.68697E7,4.6465197E7,4.6370596E7,9.40215E7,4.6301756E7,4.6583814E7,4.717623E7]","[0.0,0.0,0.0,0.0,0.0,0.0,0.0,0.0,0.0,0.0,0.0,0.0]","[0.0,0.0,0.0,0.0,0.0,0.0,0.0,0.0,0.0,0.0,0.0,0.0]","[0.0,0.0,0.0,0.0,0.0,0.0,0.0,0.0,0.0,0.0,0.0,0.0]","[60.0,60.0,60.0,60.0,60.0,60.0,60.0,60.0,60.0,60.0,60.0,60.0]","[0.0,0.0,0.0,0.0,0.0,0.0,0.0,0.0,0.0,0.0,0.0,0.0]","[233.0,231.0,218.0,248.0,255.0,247.0,260.0,228.0,220.0,248.0,223.0,265.0]","[0.0,0.0,0.0,0.0,0.0,0.0,0.0,0.0,0.0,0.0,0.0,0.0]","[0.0,0.0,0.0,0.0,0.0,0.0,0.0,0.0,0.0,0.0,0.0,0.0]","[0.20054794520547944,0.20054794520547944,0.20054794520547944,0.4005479452054794,0.30054794520547945,0.30054794520547945,0.30054794520547945,0.20054794520547944,0.4005479452054794,0.30054794520547945,0.20054794520547944,0.30054794520547945]","[0.2009942388545677,0.2004829927779153,0.21587134845915018,0.020309021453784222,0.20413467994816017,0.19663223157063361,0.20096967602124224,0.1960199725902209,-0.0035651966453799696,0.21018097553625248,0.19907005186511548,0.2088322673114227]","[6.298141609747931,6.349989703753637,6.3498651410714055,4.762924617230633,6.35049340827755,6.35077922234887,6.350931169571092,6.3507938397697945,4.7318004668403715,6.353583758748043,6.3479068966262195,6.34823954222392]","[6.066732211264993E-19,1.1613854563091075E-18,5.665047225773223E-21,0.07673920382835062,0.0,1.9201778753686752E-18,2.583681749858685E-18,2.4466198222483646E-18,0.055043504925182646,1.022713951343525E-18,1.322901160096565E-18,2.6174375877937035E-18]","[4.990299573559648E-10,5.838957877863652E-29,2.5483534012203832E-20,0.008085672773792404,0.0,8.462491185048221E-19,3.453909046263759E-29,8.70144576460775E-19,2.4342886704196957E-4,4.2890786594602392E-19,3.236627501555463E-29,1.9537317569069874E-18]","[3650.0,3650.0,3650.0,3650.0,3650.0,3650.0,3650.0,3650.0,3650.0,3650.0,3650.0,3650.0]","[0.0,0.0,0.0,0.0,0.0,0.0,0.0,0.0,0.0,0.0,0.0,0.0]","[3650.0,3650.0,3650.0,3650.0,3650.0,3650.0,3650.0,3650.0,3650.0,3650.0,3650.0,3650.0]"
18370,18370,57.29448186570767,28.107047796623906,41.14500813772083,41.70555552274448,0.12587810078236172,4.687167825E7,4,17525,"[41.14500813772083,41.14500813772083,41.14500813772083,41.14500813772083]","[108.0,108.0,106.0,108.0]","[54.0,56.0,67.0,14.0]","[0.4613493452416873,0.631109270468302,0.7055390113162597,0.014054352629253202]","[70.0,59.0,87.0,25.0]","[0.0,0.0,0.0,0.0]","[0.0,0.0,0.0,0.0]","[40.0,40.0,40.0,40.0]","[80.0,80.0,80.0,80.0]","[28.107047796623906,28.107047796623906,28.107047796623906,28.107047796623906]","[83.0,83.0,80.0,83.0]","[0.0,0.0,0.0,0.0]","[0.5,0.5,0.5,0.5]","[3.0,3.0,3.0,3.0]","[45216.93073530669,39361.28120029648,42094.38541257964,835.0407862853074]","[0.9090909090909091,0.9090909090909091,0.9090909090909091,0.9090909090909091]","[0.0,0.0,0.0,0.0]","[5.638273596471257E-19,5.1224558460483545E-26,6.082754623976803E-27,3.8555260993221676E-5]","[57.29448186570767,57.29448186570767,57.29448186570767,57.29448186570767]","[40.0,40.0,40.0,40.0]","[0.9263814160183436,0.9261973446021666,0.9249055033448113,0.5807293516694866]","[1.0,0.0,0.0,1.0]","[69.0,58.0,65.0,68.0]","[9.577708997237435E-18,9.144603166610783E-18,1.7954650825352904E-17,0.3960525861715339]","[1462.0,1097.0,1097.0,1462.0]","[92.0,92.0,93.0,94.0]","[0.0,0.0,0.0,0.0]","[0.29214169331965484,0.3829640012742912,0.39500027072391575,0.2858429076447194]","[0.0,0.0,0.0,0.0]","[66.0,65.0,95.0,86.0]","[1.0,1.0,1.0,1.0]","[50.0,50.0,50.0,50.0]","[0.0,0.0,0.0,0.0]","[41.70555552274448,41.70555552274448,41.70555552274448,41.70555552274448]","[1.0,1.0,1.0,1.0]","[253.0,218.0,216.0,291.0]","[4.0746895581877585,3.9484224150753335,4.038124058482159,1.5484665320951467]","[0.0,0.0,0.0,0.0]","[3872.0,3885.0,3848.0,3839.0]","[0.0,0.0,0.0,0.0]","[5800.0,5718.0,5950.0,6006.0]","[0.0,0.0,0.0,0.0]","[36.522388216923886,38.49348864361805,38.65005588354331,36.793024566904315]","[0.0,0.0,0.0,0.0]","[2.3919756358977247E7,2.0822117754956808E7,2.22679298832546E7,441736.5759449275]","[0.9090909090909091,0.9090909090909091,0.9090909090909091,0.9090909090909091]","[0.0,0.0,0.0,0.0]","[2.5624973028269853,2.736768715226682,2.7887015654319507,2.5145374574947756]","[0.0,0.0,0.0,0.0]","[347.1943693852293,339.6731703204838,345.1539148952792,223.70403520083042]","[115672.0,73969.0,78582.0,503729.0]","[0.0,0.0,0.0,0.0]","[30.0,30.0,30.0,30.0]","[8.0,8.0,8.0,8.0]","[3.0,3.0,3.0,3.0]","[227.0,215.0,253.0,248.0]","[0.00915622226704079,0.010393491635816302,0.009006231640475171,-0.023615199338406983]","[70.0,70.0,70.0,70.0]","[4.682248E7,4.7365882E7,4.7019273E7,9.0441011E7]","[0.0,0.0,0.0,0.0]","[0.0,0.0,0.0,0.0]","[0.0,0.0,0.0,0.0]","[60.0,60.0,60.0,60.0]","[0.0,0.0,0.0,0.0]","[227.0,215.0,253.0,248.0]","[0.0,0.0,0.0,0.0]","[0.0,0.0,0.0,0.0]","[0.4005479452054794,0.30054794520547945,0.30054794520547945,0.4005479452054794]","[0.20072479689520478,0.19737820832111946,0.2013176249765214,0.006754173742104865]","[6.354520327277971,6.3510510516138705,6.34665756889469,4.598625669449402]","[1.5881956500397178E-19,3.7268912066723046E-18,2.237900184716061E-19,0.0643009073719817]","[2.5443609128518994E-20,5.739749294041606E-29,2.4529319802034672E-20,6.319714978882578E-7]","[3650.0,3650.0,3650.0,3650.0]","[0.0,0.0,0.0,0.0]","[3650.0,3650.0,3650.0,3650.0]"
18370,18370,51.479942176135516,8.299257972509476,49.00720762057658,30.728130163184346,0.7224328240252897,4.6170255E7,2,17971,"[49.00720762057658,49.00720762057658]","[106.0,108.0]","[69.0,79.0]","[0.8109380432515124,0.7224328240252897]","[80.0,80.0]","[0.0,0.0]","[0.0,0.0]","[40.0,40.0]","[80.0,80.0]","[8.299257972509476,8.299257972509476]","[80.0,80.0]","[0.0,0.0]","[0.5,0.5]","[3.0,3.0]","[45856.37828090318,38995.97183714707]","[0.9090909090909091,0.9090909090909091]","[0.0,0.0]","[0.0,2.1773434077245094E-21]","[51.479942176135516,51.479942176135516]","[40.0,40.0]","[0.924912279166262,0.9249598242149959]","[0.0,0.0]","[18.0,27.0]","[8.531927963060945E-21,2.6696463562738707E-18]","[732.0,1097.0]","[103.0,97.0]","[0.0,0.0]","[0.3981378207356929,0.4088474710221286]","[0.0,0.0]","[76.0,84.0]","[1.0,1.0]","[50.0,50.0]","[0.0,0.0]","[30.728130163184346,30.728130163184346]","[1.0,1.0]","[193.0,215.0]","[4.08498389040011,4.009466476986323]","[0.0,0.0]","[3872.0,3895.0]","[0.0,0.0]","[5800.0,5656.0]","[0.0,0.0]","[37.87574165549789,39.106080224284064]","[0.0,0.0]","[2.4258024110597815E7,2.0628869101850796E7]","[0.9090909090909091,0.9090909090909091]","[0.0,0.0]","[2.725986745383202,2.8696855487302955]","[0.0,0.0]","[347.7427553489238,344.1766976889501]","[57587.0,72675.0]","[0.0,0.0]","[30.0,30.0]","[8.0,8.0]","[3.0,3.0]","[197.0,208.0]","[0.00895992148498421,0.01109041313394289]","[70.0,70.0]","[4.6170255E7,4.7399969E7]","[0.0,0.0]","[0.0,0.0]","[0.0,0.0]","[60.0,60.0]","[0.0,0.0]","[197.0,208.0]","[0.0,0.0]","[0.0,0.0]","[0.20054794520547944,0.30054794520547945]","[0.20418083641120696,0.21216788058101982]","[6.345862123668484,6.349446473881899]","[0.0,3.1745414791587853E-18]","[8.444793774534668E-19,3.4084438112568243E-18]","[3650.0,3650.0]","[0.0,0.0]","[3650.0,3650.0]"
18370,18370,31.512792200355367,4.198709272426493,15.135114915832892,12.402616833063231,0.38404826184048263,4.7407484E7,1,18277,"[15.135114915832892]","[108.0]","[95.0]","[0.38404826184048263]","[105.0]","[0.0]","[0.0]","[40.0]","[80.0]","[4.198709272426493]","[82.0]","[0.0]","[0.5]","[3.0]","[37915.46441748788]","[0.9090909090909091]","[0.0]","[4.708381223394071E-21]","[31.512792200355367]","[40.0]","[0.925482403246546]","[0.0]","[16.0]","[3.486957089045545E-18]","[1462.0]","[67.0]","[0.0]","[0.27344665533446655]","[0.0]","[328.0]","[1.0]","[50.0]","[0.0]","[12.402616833063231]","[1.0]","[243.0]","[3.8888784759887787]","[0.0]","[3963.0]","[0.0]","[5231.0]","[0.0]","[35.022589406993376]","[0.0]","[2.0057280676851064E7]","[0.9090909090909091]","[0.0]","[2.4230951027431322]","[0.0]","[338.1495570881095]","[319105.0]","[0.0]","[30.0]","[8.0]","[3.0]","[411.0]","[0.00807924801455279]","[70.0]","[4.7407484E7]","[0.0]","[0.0]","[0.0]","[60.0]","[0.0]","[411.0]","[0.0]","[0.0]","[0.4005479452054794]","[0.19017539740823453]","[6.35034087879013]","[2.281583764938738E-18]","[4.971791641371954E-20]","[3650.0]","[0.0]","[3650.0]"
18370,18370,60.0948164587225,31.81933365888704,2.9304959749647974,34.86373838152702,0.2086145076767491,5.8510186E7,1,18265,"[2.9304959749647974]","[108.0]","[282.0]","[0.2086145076767491]","[352.0]","[0.0]","[0.0]","[40.0]","[80.0]","[31.81933365888704]","[83.0]","[0.0]","[0.5]","[3.0]","[10296.474729174362]","[0.9090909090909091]","[0.0]","[2.530472231551418E-6]","[60.0948164587225]","[40.0]","[0.8454525721873408]","[0.0]","[178.0]","[0.08240432137438419]","[1462.0]","[18.0]","[0.0]","[0.2686765652293831]","[0.0]","[400.0]","[1.0]","[50.0]","[0.0]","[34.86373838152702]","[1.0]","[270.0]","[2.6673792081409538]","[0.0]","[3897.0]","[0.0]","[5643.0]","[0.0]","[33.9194870464385]","[0.0]","[5446835.131733236]","[0.9090909090909091]","[0.0]","[2.2124325412830874]","[0.0]","[279.5563373910164]","[517231.0]","[0.0]","[30.0]","[8.0]","[3.0]","[596.0]","[0.005834153047509468]","[70.0]","[5.8510186E7]","[0.0]","[0.0]","[0.0]","[60.0]","[0.0]","[596.0]","[0.0]","[0.0]","[0.4005479452054794]","[0.20923891956943694]","[6.187229356481798]","[0.039989053412315276]","[7.485937293725261E-4]","[3650.0]","[0.0]","[3650.0]"
